company_id,company,dimension,prior,weight,rationale,status,source_ids
C001,Sanofi,asset,5,20,"Immunology and vaccine research, clinical cohorts and trial infrastructure. Verify exclusivity and practical reuse.",HYPOTHESIS,S03
C001,Sanofi,ai_leverage,4,20,"Use multimodal models and active learning to improve target selection, molecule design and trial stratification. The valuable outcome is more clinically useful candidates per research euro. Incremental financial materiality remains unmeasured.",HYPOTHESIS,S03
C001,Sanofi,feedback,5,15,"Longitudinal experiments, failed compounds, clinical cohorts and trial infrastructure. Useful outcome labels and lawful learning rights remain to be verified.",HYPOTHESIS,S03
C001,Sanofi,testability,3,10,"Compare AI-assisted and conventional programmes matched on modality, therapeutic area, stage and vintage. Include abandoned programmes.",HYPOTHESIS,S03
C001,Sanofi,distribution,5,15,"Immunology and vaccine research, clinical cohorts and trial infrastructure. Verify the share of eligible workflows reachable through existing channels.",HYPOTHESIS,S03
C001,Sanofi,capture,5,20,"Patent-protected products and differentiated clinical outcomes can retain value, but payers and competing treatments can absorb the gain. Company-specific risk: R&D productivity must translate into clinical successes beyond existing leading franchises.",HYPOTHESIS,S03
C002,Roche,asset,5,20,Combined pharmaceutical research and diagnostic relationships. Verify exclusivity and practical reuse.,HYPOTHESIS,
C002,Roche,ai_leverage,4,20,"Use multimodal models and active learning to improve target selection, molecule design and trial stratification. The valuable outcome is more clinically useful candidates per research euro. Incremental financial materiality remains unmeasured.",HYPOTHESIS,
C002,Roche,feedback,5,15,"Longitudinal experiments, failed compounds, clinical cohorts and trial infrastructure. Useful outcome labels and lawful learning rights remain to be verified.",HYPOTHESIS,
C002,Roche,testability,3,10,"Compare AI-assisted and conventional programmes matched on modality, therapeutic area, stage and vintage. Include abandoned programmes.",HYPOTHESIS,
C002,Roche,distribution,5,15,Combined pharmaceutical research and diagnostic relationships. Verify the share of eligible workflows reachable through existing channels.,HYPOTHESIS,
C002,Roche,capture,5,20,"Patent-protected products and differentiated clinical outcomes can retain value, but payers and competing treatments can absorb the gain. Company-specific risk: Diagnostic access does not automatically permit linking or reusing patient-level data.",HYPOTHESIS,
C003,AstraZeneca,asset,5,20,Oncology and broader clinical-development engine. Verify exclusivity and practical reuse.,HYPOTHESIS,
C003,AstraZeneca,ai_leverage,4,20,"Use multimodal models and active learning to improve target selection, molecule design and trial stratification. The valuable outcome is more clinically useful candidates per research euro. Incremental financial materiality remains unmeasured.",HYPOTHESIS,
C003,AstraZeneca,feedback,5,15,"Longitudinal experiments, failed compounds, clinical cohorts and trial infrastructure. Useful outcome labels and lawful learning rights remain to be verified.",HYPOTHESIS,
C003,AstraZeneca,testability,3,10,"Compare AI-assisted and conventional programmes matched on modality, therapeutic area, stage and vintage. Include abandoned programmes.",HYPOTHESIS,
C003,AstraZeneca,distribution,5,15,Oncology and broader clinical-development engine. Verify the share of eligible workflows reachable through existing channels.,HYPOTHESIS,
C003,AstraZeneca,capture,5,20,"Patent-protected products and differentiated clinical outcomes can retain value, but payers and competing treatments can absorb the gain. Company-specific risk: Pipeline breadth can mask correlated clinical and commercial risks.",HYPOTHESIS,
C004,Novartis,asset,5,20,Therapeutic expertise and global clinical-development operations. Verify exclusivity and practical reuse.,HYPOTHESIS,
C004,Novartis,ai_leverage,4,20,"Use multimodal models and active learning to improve target selection, molecule design and trial stratification. The valuable outcome is more clinically useful candidates per research euro. Incremental financial materiality remains unmeasured.",HYPOTHESIS,
C004,Novartis,feedback,5,15,"Longitudinal experiments, failed compounds, clinical cohorts and trial infrastructure. Useful outcome labels and lawful learning rights remain to be verified.",HYPOTHESIS,
C004,Novartis,testability,3,10,"Compare AI-assisted and conventional programmes matched on modality, therapeutic area, stage and vintage. Include abandoned programmes.",HYPOTHESIS,
C004,Novartis,distribution,5,15,Therapeutic expertise and global clinical-development operations. Verify the share of eligible workflows reachable through existing channels.,HYPOTHESIS,
C004,Novartis,capture,5,20,"Patent-protected products and differentiated clinical outcomes can retain value, but payers and competing treatments can absorb the gain. Company-specific risk: Portfolio simplification alone can explain productivity gains.",HYPOTHESIS,
C005,Novo Nordisk,asset,5,20,Metabolic disease expertise and longitudinal development experience. Verify exclusivity and practical reuse.,HYPOTHESIS,
C005,Novo Nordisk,ai_leverage,4,20,"Use multimodal models and active learning to improve target selection, molecule design and trial stratification. The valuable outcome is more clinically useful candidates per research euro. Incremental financial materiality remains unmeasured.",HYPOTHESIS,
C005,Novo Nordisk,feedback,4,15,"Longitudinal experiments, failed compounds, clinical cohorts and trial infrastructure. Useful outcome labels and lawful learning rights remain to be verified.",HYPOTHESIS,
C005,Novo Nordisk,testability,3,10,"Compare AI-assisted and conventional programmes matched on modality, therapeutic area, stage and vintage. Include abandoned programmes.",HYPOTHESIS,
C005,Novo Nordisk,distribution,5,15,Metabolic disease expertise and longitudinal development experience. Verify the share of eligible workflows reachable through existing channels.,HYPOTHESIS,
C005,Novo Nordisk,capture,4,20,"Patent-protected products and differentiated clinical outcomes can retain value, but payers and competing treatments can absorb the gain. Company-specific risk: Concentration and competition may dominate any AI gain.",HYPOTHESIS,
C006,Eli Lilly,asset,5,20,Metabolic and neuroscience development and manufacturing knowledge. Verify exclusivity and practical reuse.,HYPOTHESIS,
C006,Eli Lilly,ai_leverage,4,20,"Use multimodal models and active learning to improve target selection, molecule design and trial stratification. The valuable outcome is more clinically useful candidates per research euro. Incremental financial materiality remains unmeasured.",HYPOTHESIS,
C006,Eli Lilly,feedback,5,15,"Longitudinal experiments, failed compounds, clinical cohorts and trial infrastructure. Useful outcome labels and lawful learning rights remain to be verified.",HYPOTHESIS,
C006,Eli Lilly,testability,3,10,"Compare AI-assisted and conventional programmes matched on modality, therapeutic area, stage and vintage. Include abandoned programmes.",HYPOTHESIS,
C006,Eli Lilly,distribution,5,15,Metabolic and neuroscience development and manufacturing knowledge. Verify the share of eligible workflows reachable through existing channels.,HYPOTHESIS,
C006,Eli Lilly,capture,5,20,"Patent-protected products and differentiated clinical outcomes can retain value, but payers and competing treatments can absorb the gain. Company-specific risk: An excellent engine can still be a poor investment at an excessive price.",HYPOTHESIS,
C007,Siemens Healthineers,asset,5,20,Imaging installed base and clinical workflow integration. Verify exclusivity and practical reuse.,HYPOTHESIS,
C007,Siemens Healthineers,ai_leverage,4,20,"AI can improve image reconstruction, diagnostic workflow and procedure planning, allowing each installed system to handle more useful clinical work. Incremental financial materiality remains unmeasured.",HYPOTHESIS,
C007,Siemens Healthineers,feedback,4,15,"Installed instruments, imaging or procedure data, clinician relationships and service networks. Useful outcome labels and lawful learning rights remain to be verified.",HYPOTHESIS,
C007,Siemens Healthineers,testability,3,10,Use paired-reader studies and hospital deployment cohorts with equivalent case mix. Separate diagnostic accuracy from billing activity.,HYPOTHESIS,
C007,Siemens Healthineers,distribution,5,15,Imaging installed base and clinical workflow integration. Verify the share of eligible workflows reachable through existing channels.,HYPOTHESIS,
C007,Siemens Healthineers,capture,4,20,"Premium features, service contracts and procedure-linked consumables may capture a share of customer throughput gains. Company-specific risk: Hospital data rights and reimbursement constrain capture.",HYPOTHESIS,
C008,Medtronic,asset,4,20,Device installed base and procedure-specific expertise. Verify exclusivity and practical reuse.,HYPOTHESIS,
C008,Medtronic,ai_leverage,3,20,"AI can improve image reconstruction, diagnostic workflow and procedure planning, allowing each installed system to handle more useful clinical work. Incremental financial materiality remains unmeasured.",HYPOTHESIS,
C008,Medtronic,feedback,4,15,"Installed instruments, imaging or procedure data, clinician relationships and service networks. Useful outcome labels and lawful learning rights remain to be verified.",HYPOTHESIS,
C008,Medtronic,testability,3,10,Use paired-reader studies and hospital deployment cohorts with equivalent case mix. Separate diagnostic accuracy from billing activity.,HYPOTHESIS,
C008,Medtronic,distribution,5,15,Device installed base and procedure-specific expertise. Verify the share of eligible workflows reachable through existing channels.,HYPOTHESIS,
C008,Medtronic,capture,4,20,"Premium features, service contracts and procedure-linked consumables may capture a share of customer throughput gains. Company-specific risk: Regulatory execution and product quality may overwhelm workflow gains.",HYPOTHESIS,
C009,Intuitive Surgical,asset,5,20,"Surgical platform, instruments and procedure ecosystem. Verify exclusivity and practical reuse.",HYPOTHESIS,
C009,Intuitive Surgical,ai_leverage,4,20,"AI can improve image reconstruction, diagnostic workflow and procedure planning, allowing each installed system to handle more useful clinical work. Incremental financial materiality remains unmeasured.",HYPOTHESIS,
C009,Intuitive Surgical,feedback,5,15,"Installed instruments, imaging or procedure data, clinician relationships and service networks. Useful outcome labels and lawful learning rights remain to be verified.",HYPOTHESIS,
C009,Intuitive Surgical,testability,3,10,Use paired-reader studies and hospital deployment cohorts with equivalent case mix. Separate diagnostic accuracy from billing activity.,HYPOTHESIS,
C009,Intuitive Surgical,distribution,5,15,"Surgical platform, instruments and procedure ecosystem. Verify the share of eligible workflows reachable through existing channels.",HYPOTHESIS,
C009,Intuitive Surgical,capture,5,20,"Premium features, service contracts and procedure-linked consumables may capture a share of customer throughput gains. Company-specific risk: Procedure data rights, clinical evidence and competing platforms.",HYPOTHESIS,
C010,Thermo Fisher Scientific,asset,4,20,"Laboratory tools, consumables and service relationships. Verify exclusivity and practical reuse.",HYPOTHESIS,
C010,Thermo Fisher Scientific,ai_leverage,4,20,"AI can automate experimental design, improve assay yield and shorten trial recruitment or monitoring work. Incremental financial materiality remains unmeasured.",HYPOTHESIS,
C010,Thermo Fisher Scientific,feedback,4,15,"Instrument footprints, assay protocols, laboratory workflows and trial operations. Useful outcome labels and lawful learning rights remain to be verified.",HYPOTHESIS,
C010,Thermo Fisher Scientific,testability,4,10,"Compare matched assays or trial sites before and after deployment and account for staffing, protocol and demand differences.",HYPOTHESIS,
C010,Thermo Fisher Scientific,distribution,5,15,"Laboratory tools, consumables and service relationships. Verify the share of eligible workflows reachable through existing channels.",HYPOTHESIS,
C010,Thermo Fisher Scientific,capture,5,20,"Consumables, software and workflow switching costs can monetize higher laboratory utilization. CROs must retain savings despite hourly contracts. Company-specific risk: Customers may own the useful data and retain the productivity gain.",HYPOTHESIS,
C011,Danaher,asset,4,20,Diagnostics and life-science instrument workflows. Verify exclusivity and practical reuse.,HYPOTHESIS,
C011,Danaher,ai_leverage,4,20,"AI can automate experimental design, improve assay yield and shorten trial recruitment or monitoring work. Incremental financial materiality remains unmeasured.",HYPOTHESIS,
C011,Danaher,feedback,4,15,"Instrument footprints, assay protocols, laboratory workflows and trial operations. Useful outcome labels and lawful learning rights remain to be verified.",HYPOTHESIS,
C011,Danaher,testability,4,10,"Compare matched assays or trial sites before and after deployment and account for staffing, protocol and demand differences.",HYPOTHESIS,
C011,Danaher,distribution,5,15,Diagnostics and life-science instrument workflows. Verify the share of eligible workflows reachable through existing channels.,HYPOTHESIS,
C011,Danaher,capture,5,20,"Consumables, software and workflow switching costs can monetize higher laboratory utilization. CROs must retain savings despite hourly contracts. Company-specific risk: End-market recovery can masquerade as structural productivity.",HYPOTHESIS,
C012,IQVIA,asset,5,20,Healthcare data assets and clinical-research operations. Verify exclusivity and practical reuse.,HYPOTHESIS,
C012,IQVIA,ai_leverage,4,20,"AI can automate experimental design, improve assay yield and shorten trial recruitment or monitoring work. Incremental financial materiality remains unmeasured.",HYPOTHESIS,
C012,IQVIA,feedback,4,15,"Instrument footprints, assay protocols, laboratory workflows and trial operations. Useful outcome labels and lawful learning rights remain to be verified.",HYPOTHESIS,
C012,IQVIA,testability,3,10,"Compare matched assays or trial sites before and after deployment and account for staffing, protocol and demand differences.",HYPOTHESIS,
C012,IQVIA,distribution,5,15,Healthcare data assets and clinical-research operations. Verify the share of eligible workflows reachable through existing channels.,HYPOTHESIS,
C012,IQVIA,capture,4,20,"Consumables, software and workflow switching costs can monetize higher laboratory utilization. CROs must retain savings despite hourly contracts. Company-specific risk: Restrictions on data use and sponsor procurement pressure.",HYPOTHESIS,
C013,HCA Healthcare,asset,3,20,Hospital operations and clinical capacity. Verify exclusivity and practical reuse.,HYPOTHESIS,
C013,HCA Healthcare,ai_leverage,3,20,AI can reduce documentation and scheduling work and improve appropriate care coordination. Incremental financial materiality remains unmeasured.,HYPOTHESIS,
C013,HCA Healthcare,feedback,4,15,"Care-delivery workflows, appointment capacity and claims or clinical records under restricted rights. Useful outcome labels and lawful learning rights remain to be verified.",HYPOTHESIS,
C013,HCA Healthcare,testability,3,10,"Use controlled clinics or member cohorts, with independent clinical adjudication and case-mix adjustment.",HYPOTHESIS,
C013,HCA Healthcare,distribution,5,15,Hospital operations and clinical capacity. Verify the share of eligible workflows reachable through existing channels.,HYPOTHESIS,
C013,HCA Healthcare,capture,2,20,"Providers may fill scarce clinical capacity. Payers may reduce avoidable cost, subject to medical-loss rules, contracts and consumer protections. Company-specific risk: Labor, reimbursement and care quality may absorb benefits.",HYPOTHESIS,
C014,UnitedHealth Group,asset,4,20,Care and insurance workflows across a complex organization. Verify exclusivity and practical reuse.,HYPOTHESIS,
C014,UnitedHealth Group,ai_leverage,4,20,AI can reduce documentation and scheduling work and improve appropriate care coordination. Incremental financial materiality remains unmeasured.,HYPOTHESIS,
C014,UnitedHealth Group,feedback,4,15,"Care-delivery workflows, appointment capacity and claims or clinical records under restricted rights. Useful outcome labels and lawful learning rights remain to be verified.",HYPOTHESIS,
C014,UnitedHealth Group,testability,3,10,"Use controlled clinics or member cohorts, with independent clinical adjudication and case-mix adjustment.",HYPOTHESIS,
C014,UnitedHealth Group,distribution,5,15,Care and insurance workflows across a complex organization. Verify the share of eligible workflows reachable through existing channels.,HYPOTHESIS,
C014,UnitedHealth Group,capture,2,20,"Providers may fill scarce clinical capacity. Payers may reduce avoidable cost, subject to medical-loss rules, contracts and consumer protections. Company-specific risk: Clinical, governance and reimbursement risks demand a separate review.",HYPOTHESIS,
C015,Munich Re,asset,5,20,"Reinsurance exposure history, underwriting and specialty risk expertise. Verify exclusivity and practical reuse.",HYPOTHESIS,
C015,Munich Re,ai_leverage,4,20,"AI can interpret submissions, find fraud and improve risk selection. Reinsurance has sparse tail labels, unlike frequent retail claims. Incremental financial materiality remains unmeasured.",HYPOTHESIS,
C015,Munich Re,feedback,4,15,"Claims histories, exposure records, distribution and underwriting expertise. Useful outcome labels and lawful learning rights remain to be verified.",HYPOTHESIS,
C015,Munich Re,testability,2,10,Compare matched underwriting cohorts and claims outcomes. Require a catastrophe-normalized view and adverse development analysis.,HYPOTHESIS,
C015,Munich Re,distribution,5,15,"Reinsurance exposure history, underwriting and specialty risk expertise. Verify the share of eligible workflows reachable through existing channels.",HYPOTHESIS,
C015,Munich Re,capture,5,20,Better risk selection and lower expense ratios may survive renewals where proprietary information and underwriting discipline persist. Company-specific risk: Tail events are sparse and historical correlations can fail.,HYPOTHESIS,
C016,Swiss Re,asset,5,20,Global reinsurance portfolios and risk-modeling experience. Verify exclusivity and practical reuse.,HYPOTHESIS,
C016,Swiss Re,ai_leverage,4,20,"AI can interpret submissions, find fraud and improve risk selection. Reinsurance has sparse tail labels, unlike frequent retail claims. Incremental financial materiality remains unmeasured.",HYPOTHESIS,
C016,Swiss Re,feedback,4,15,"Claims histories, exposure records, distribution and underwriting expertise. Useful outcome labels and lawful learning rights remain to be verified.",HYPOTHESIS,
C016,Swiss Re,testability,2,10,Compare matched underwriting cohorts and claims outcomes. Require a catastrophe-normalized view and adverse development analysis.,HYPOTHESIS,
C016,Swiss Re,distribution,5,15,Global reinsurance portfolios and risk-modeling experience. Verify the share of eligible workflows reachable through existing channels.,HYPOTHESIS,
C016,Swiss Re,capture,4,20,Better risk selection and lower expense ratios may survive renewals where proprietary information and underwriting discipline persist. Company-specific risk: Shared industry models can erode differentiation.,HYPOTHESIS,
C017,Allianz,asset,4,20,Insurance distribution and diversified claims books. Verify exclusivity and practical reuse.,HYPOTHESIS,
C017,Allianz,ai_leverage,4,20,"AI can interpret submissions, find fraud and improve risk selection. Reinsurance has sparse tail labels, unlike frequent retail claims. Incremental financial materiality remains unmeasured.",HYPOTHESIS,
C017,Allianz,feedback,4,15,"Claims histories, exposure records, distribution and underwriting expertise. Useful outcome labels and lawful learning rights remain to be verified.",HYPOTHESIS,
C017,Allianz,testability,3,10,Compare matched underwriting cohorts and claims outcomes. Require a catastrophe-normalized view and adverse development analysis.,HYPOTHESIS,
C017,Allianz,distribution,5,15,Insurance distribution and diversified claims books. Verify the share of eligible workflows reachable through existing channels.,HYPOTHESIS,
C017,Allianz,capture,4,20,Better risk selection and lower expense ratios may survive renewals where proprietary information and underwriting discipline persist. Company-specific risk: Complex integration and repricing may consume savings.,HYPOTHESIS,
C018,Chubb,asset,5,20,Commercial insurance underwriting and claims expertise. Verify exclusivity and practical reuse.,HYPOTHESIS,
C018,Chubb,ai_leverage,4,20,"AI can interpret submissions, find fraud and improve risk selection. Reinsurance has sparse tail labels, unlike frequent retail claims. Incremental financial materiality remains unmeasured.",HYPOTHESIS,
C018,Chubb,feedback,4,15,"Claims histories, exposure records, distribution and underwriting expertise. Useful outcome labels and lawful learning rights remain to be verified.",HYPOTHESIS,
C018,Chubb,testability,3,10,Compare matched underwriting cohorts and claims outcomes. Require a catastrophe-normalized view and adverse development analysis.,HYPOTHESIS,
C018,Chubb,distribution,5,15,Commercial insurance underwriting and claims expertise. Verify the share of eligible workflows reachable through existing channels.,HYPOTHESIS,
C018,Chubb,capture,4,20,Better risk selection and lower expense ratios may survive renewals where proprietary information and underwriting discipline persist. Company-specific risk: Hard-market pricing must be separated from AI risk selection.,HYPOTHESIS,
C019,Progressive,asset,5,20,Auto claims and telematics-related pricing experience. Verify exclusivity and practical reuse.,HYPOTHESIS,
C019,Progressive,ai_leverage,5,20,"AI can interpret submissions, find fraud and improve risk selection. Reinsurance has sparse tail labels, unlike frequent retail claims. Incremental financial materiality remains unmeasured.",HYPOTHESIS,
C019,Progressive,feedback,5,15,"Claims histories, exposure records, distribution and underwriting expertise. Useful outcome labels and lawful learning rights remain to be verified.",HYPOTHESIS,
C019,Progressive,testability,4,10,Compare matched underwriting cohorts and claims outcomes. Require a catastrophe-normalized view and adverse development analysis.,HYPOTHESIS,
C019,Progressive,distribution,5,15,Auto claims and telematics-related pricing experience. Verify the share of eligible workflows reachable through existing channels.,HYPOTHESIS,
C019,Progressive,capture,4,20,Better risk selection and lower expense ratios may survive renewals where proprietary information and underwriting discipline persist. Company-specific risk: Competitors and regulation can narrow incremental pricing advantage.,HYPOTHESIS,
C020,AIA Group,asset,4,20,Asian life-insurance distribution and policy relationships. Verify exclusivity and practical reuse.,HYPOTHESIS,
C020,AIA Group,ai_leverage,3,20,"AI can improve adviser capacity, policy servicing and client retention. Life underwriting needs long observation periods, while investment research faces crowded signals. Incremental financial materiality remains unmeasured.",HYPOTHESIS,
C020,AIA Group,feedback,4,15,"Policyholder relationships, adviser networks, investment workflows and administrative records. Useful outcome labels and lawful learning rights remain to be verified.",HYPOTHESIS,
C020,AIA Group,testability,2,10,Evaluate matched adviser books. Separate market appreciation from flows and separate servicing improvements from claimed investment alpha.,HYPOTHESIS,
C020,AIA Group,distribution,5,15,Asian life-insurance distribution and policy relationships. Verify the share of eligible workflows reachable through existing channels.,HYPOTHESIS,
C020,AIA Group,capture,3,20,"Distribution and recurring administration can retain savings. Investment alpha is a separate, much harder hypothesis. Company-specific risk: Long-duration claims labels and regional regulation.",HYPOTHESIS,
C021,BlackRock,asset,4,20,"Investment workflows, client distribution and Aladdin platform. Verify exclusivity and practical reuse.",HYPOTHESIS,
C021,BlackRock,ai_leverage,4,20,"AI can improve adviser capacity, policy servicing and client retention. Life underwriting needs long observation periods, while investment research faces crowded signals. Incremental financial materiality remains unmeasured.",HYPOTHESIS,
C021,BlackRock,feedback,4,15,"Policyholder relationships, adviser networks, investment workflows and administrative records. Useful outcome labels and lawful learning rights remain to be verified.",HYPOTHESIS,
C021,BlackRock,testability,3,10,Evaluate matched adviser books. Separate market appreciation from flows and separate servicing improvements from claimed investment alpha.,HYPOTHESIS,
C021,BlackRock,distribution,5,15,"Investment workflows, client distribution and Aladdin platform. Verify the share of eligible workflows reachable through existing channels.",HYPOTHESIS,
C021,BlackRock,capture,5,20,"Distribution and recurring administration can retain savings. Investment alpha is a separate, much harder hypothesis. Company-specific risk: Markets lift assets independently of AI and fee pressure persists.",HYPOTHESIS,
C022,Manulife,asset,3,20,Life insurance and wealth-service customer relationships. Verify exclusivity and practical reuse.,HYPOTHESIS,
C022,Manulife,ai_leverage,3,20,"AI can improve adviser capacity, policy servicing and client retention. Life underwriting needs long observation periods, while investment research faces crowded signals. Incremental financial materiality remains unmeasured.",HYPOTHESIS,
C022,Manulife,feedback,4,15,"Policyholder relationships, adviser networks, investment workflows and administrative records. Useful outcome labels and lawful learning rights remain to be verified.",HYPOTHESIS,
C022,Manulife,testability,2,10,Evaluate matched adviser books. Separate market appreciation from flows and separate servicing improvements from claimed investment alpha.,HYPOTHESIS,
C022,Manulife,distribution,5,15,Life insurance and wealth-service customer relationships. Verify the share of eligible workflows reachable through existing channels.,HYPOTHESIS,
C022,Manulife,capture,3,20,"Distribution and recurring administration can retain savings. Investment alpha is a separate, much harder hypothesis. Company-specific risk: Legacy systems and market-sensitive earnings.",HYPOTHESIS,
C023,JPMorgan Chase,asset,5,20,"Deposit distribution, transaction history and credit outcomes. Verify exclusivity and practical reuse.",HYPOTHESIS,S09
C023,JPMorgan Chase,ai_leverage,4,20,"AI can improve fraud controls, service capacity and credit decisions while automating document-heavy operations. Incremental financial materiality remains unmeasured.",HYPOTHESIS,S09
C023,JPMorgan Chase,feedback,4,15,"Deposit franchises, transaction histories, credit outcomes and regulated distribution. Useful outcome labels and lawful learning rights remain to be verified.",HYPOTHESIS,S09
C023,JPMorgan Chase,testability,4,10,Match credit vintages and service cohorts. Hold funding costs and risk appetite constant; separate ML upgrades from interest-rate effects.,HYPOTHESIS,S09
C023,JPMorgan Chase,distribution,5,15,"Deposit distribution, transaction history and credit outcomes. Verify the share of eligible workflows reachable through existing channels.",HYPOTHESIS,S09
C023,JPMorgan Chase,capture,4,20,"A durable funding franchise and embedded relationships can retain some gains, but competition and credit cycles dominate weak underwriting. Company-specific risk: Credit cycles and funding costs can swamp measured AI gains.",HYPOTHESIS,S09
C024,DBS Group,asset,4,20,Integrated regional banking and digital workflows. Verify exclusivity and practical reuse.,HYPOTHESIS,
C024,DBS Group,ai_leverage,4,20,"AI can improve fraud controls, service capacity and credit decisions while automating document-heavy operations. Incremental financial materiality remains unmeasured.",HYPOTHESIS,
C024,DBS Group,feedback,4,15,"Deposit franchises, transaction histories, credit outcomes and regulated distribution. Useful outcome labels and lawful learning rights remain to be verified.",HYPOTHESIS,
C024,DBS Group,testability,4,10,Match credit vintages and service cohorts. Hold funding costs and risk appetite constant; separate ML upgrades from interest-rate effects.,HYPOTHESIS,
C024,DBS Group,distribution,5,15,Integrated regional banking and digital workflows. Verify the share of eligible workflows reachable through existing channels.,HYPOTHESIS,
C024,DBS Group,capture,4,20,"A durable funding franchise and embedded relationships can retain some gains, but competition and credit cycles dominate weak underwriting. Company-specific risk: Concentrated geographic and credit exposures.",HYPOTHESIS,
C025,ICICI Bank,asset,4,20,Retail banking distribution and digital transactions. Verify exclusivity and practical reuse.,HYPOTHESIS,
C025,ICICI Bank,ai_leverage,4,20,"AI can improve fraud controls, service capacity and credit decisions while automating document-heavy operations. Incremental financial materiality remains unmeasured.",HYPOTHESIS,
C025,ICICI Bank,feedback,4,15,"Deposit franchises, transaction histories, credit outcomes and regulated distribution. Useful outcome labels and lawful learning rights remain to be verified.",HYPOTHESIS,
C025,ICICI Bank,testability,4,10,Match credit vintages and service cohorts. Hold funding costs and risk appetite constant; separate ML upgrades from interest-rate effects.,HYPOTHESIS,
C025,ICICI Bank,distribution,5,15,Retail banking distribution and digital transactions. Verify the share of eligible workflows reachable through existing channels.,HYPOTHESIS,
C025,ICICI Bank,capture,3,20,"A durable funding franchise and embedded relationships can retain some gains, but competition and credit cycles dominate weak underwriting. Company-specific risk: Rapid credit growth can hide vintage risk.",HYPOTHESIS,
C026,Visa,asset,5,20,Network fraud signals and merchant-issuer connectivity. Verify exclusivity and practical reuse.,HYPOTHESIS,S10
C026,Visa,ai_leverage,5,20,AI can identify fraud and reduce false declines using context that individual merchants or issuers cannot easily reproduce. Incremental financial materiality remains unmeasured.,HYPOTHESIS,S10
C026,Visa,feedback,5,15,"Network-level transactions, merchant relationships and fraud outcome signals. Useful outcome labels and lawful learning rights remain to be verified.",HYPOTHESIS,S10
C026,Visa,testability,4,10,Use randomized or matched authorization policies with equal fraud budgets. Measure issuer and merchant outcomes as well as network revenue.,HYPOTHESIS,S10
C026,Visa,distribution,5,15,Network fraud signals and merchant-issuer connectivity. Verify the share of eligible workflows reachable through existing channels.,HYPOTHESIS,S10
C026,Visa,capture,5,20,Risk-service fees and higher legitimate transaction volume can monetize improved authorization quality. Company-specific risk: Account-to-account alternatives and fee regulation.,HYPOTHESIS,S10
C027,Mastercard,asset,5,20,Payment network and risk-service relationships. Verify exclusivity and practical reuse.,HYPOTHESIS,
C027,Mastercard,ai_leverage,5,20,AI can identify fraud and reduce false declines using context that individual merchants or issuers cannot easily reproduce. Incremental financial materiality remains unmeasured.,HYPOTHESIS,
C027,Mastercard,feedback,5,15,"Network-level transactions, merchant relationships and fraud outcome signals. Useful outcome labels and lawful learning rights remain to be verified.",HYPOTHESIS,
C027,Mastercard,testability,4,10,Use randomized or matched authorization policies with equal fraud budgets. Measure issuer and merchant outcomes as well as network revenue.,HYPOTHESIS,
C027,Mastercard,distribution,5,15,Payment network and risk-service relationships. Verify the share of eligible workflows reachable through existing channels.,HYPOTHESIS,
C027,Mastercard,capture,5,20,Risk-service fees and higher legitimate transaction volume can monetize improved authorization quality. Company-specific risk: Alternative rails and service commoditization.,HYPOTHESIS,
C028,Adyen,asset,4,20,Merchant payments integration and cross-channel transaction context. Verify exclusivity and practical reuse.,HYPOTHESIS,
C028,Adyen,ai_leverage,4,20,AI can identify fraud and reduce false declines using context that individual merchants or issuers cannot easily reproduce. Incremental financial materiality remains unmeasured.,HYPOTHESIS,
C028,Adyen,feedback,4,15,"Network-level transactions, merchant relationships and fraud outcome signals. Useful outcome labels and lawful learning rights remain to be verified.",HYPOTHESIS,
C028,Adyen,testability,4,10,Use randomized or matched authorization policies with equal fraud budgets. Measure issuer and merchant outcomes as well as network revenue.,HYPOTHESIS,
C028,Adyen,distribution,5,15,Merchant payments integration and cross-channel transaction context. Verify the share of eligible workflows reachable through existing channels.,HYPOTHESIS,
C028,Adyen,capture,4,20,Risk-service fees and higher legitimate transaction volume can monetize improved authorization quality. Company-specific risk: Merchant concentration and pricing competition.,HYPOTHESIS,
C029,S&P Global,asset,5,20,"Ratings, benchmarks, financial data and analytical workflows. Verify exclusivity and practical reuse.",HYPOTHESIS,
C029,S&P Global,ai_leverage,4,20,"AI can turn curated records into underwriting, research and compliance decisions with less manual reconciliation. Incremental financial materiality remains unmeasured.",HYPOTHESIS,
C029,S&P Global,feedback,4,15,"Permissioned credit histories, market records, ratings expertise and licensed data feeds. Useful outcome labels and lawful learning rights remain to be verified.",HYPOTHESIS,
C029,S&P Global,testability,3,10,Compare incumbent and challenger performance on identical lawful datasets. Then add proprietary features to isolate their marginal value.,HYPOTHESIS,
C029,S&P Global,distribution,5,15,"Ratings, benchmarks, financial data and analytical workflows. Verify the share of eligible workflows reachable through existing channels.",HYPOTHESIS,
C029,S&P Global,capture,5,20,"Licenses, data entitlements and embedded decision workflows can support paid tools. Public facts alone are a weak moat. Company-specific risk: Public data and licensing costs can limit proprietary advantage.",HYPOTHESIS,
C030,Moody's,asset,5,20,Credit expertise and analytics relationships. Verify exclusivity and practical reuse.,HYPOTHESIS,
C030,Moody's,ai_leverage,4,20,"AI can turn curated records into underwriting, research and compliance decisions with less manual reconciliation. Incremental financial materiality remains unmeasured.",HYPOTHESIS,
C030,Moody's,feedback,4,15,"Permissioned credit histories, market records, ratings expertise and licensed data feeds. Useful outcome labels and lawful learning rights remain to be verified.",HYPOTHESIS,
C030,Moody's,testability,3,10,Compare incumbent and challenger performance on identical lawful datasets. Then add proprietary features to isolate their marginal value.,HYPOTHESIS,
C030,Moody's,distribution,5,15,Credit expertise and analytics relationships. Verify the share of eligible workflows reachable through existing channels.,HYPOTHESIS,
C030,Moody's,capture,5,20,"Licenses, data entitlements and embedded decision workflows can support paid tools. Public facts alone are a weak moat. Company-specific risk: Credit issuance cycles and model commoditization.",HYPOTHESIS,
C031,Experian,asset,5,20,Consumer and business credit files and decision workflows. Verify exclusivity and practical reuse.,HYPOTHESIS,
C031,Experian,ai_leverage,5,20,"AI can turn curated records into underwriting, research and compliance decisions with less manual reconciliation. Incremental financial materiality remains unmeasured.",HYPOTHESIS,
C031,Experian,feedback,5,15,"Permissioned credit histories, market records, ratings expertise and licensed data feeds. Useful outcome labels and lawful learning rights remain to be verified.",HYPOTHESIS,
C031,Experian,testability,4,10,Compare incumbent and challenger performance on identical lawful datasets. Then add proprietary features to isolate their marginal value.,HYPOTHESIS,
C031,Experian,distribution,5,15,Consumer and business credit files and decision workflows. Verify the share of eligible workflows reachable through existing channels.,HYPOTHESIS,
C031,Experian,capture,4,20,"Licenses, data entitlements and embedded decision workflows can support paid tools. Public facts alone are a weak moat. Company-specific risk: Consent, fairness and data portability constrain exclusivity.",HYPOTHESIS,
C032,London Stock Exchange Group,asset,5,20,"Market data, benchmarks and financial workflow distribution. Verify exclusivity and practical reuse.",HYPOTHESIS,
C032,London Stock Exchange Group,ai_leverage,4,20,"AI can turn curated records into underwriting, research and compliance decisions with less manual reconciliation. Incremental financial materiality remains unmeasured.",HYPOTHESIS,
C032,London Stock Exchange Group,feedback,4,15,"Permissioned credit histories, market records, ratings expertise and licensed data feeds. Useful outcome labels and lawful learning rights remain to be verified.",HYPOTHESIS,
C032,London Stock Exchange Group,testability,3,10,Compare incumbent and challenger performance on identical lawful datasets. Then add proprietary features to isolate their marginal value.,HYPOTHESIS,
C032,London Stock Exchange Group,distribution,5,15,"Market data, benchmarks and financial workflow distribution. Verify the share of eligible workflows reachable through existing channels.",HYPOTHESIS,
C032,London Stock Exchange Group,capture,5,20,"Licenses, data entitlements and embedded decision workflows can support paid tools. Public facts alone are a weak moat. Company-specific risk: Supplier licensing and platform integration costs.",HYPOTHESIS,
C033,Intercontinental Exchange,asset,5,20,"Exchange, data and mortgage workflow infrastructure. Verify exclusivity and practical reuse.",HYPOTHESIS,
C033,Intercontinental Exchange,ai_leverage,4,20,"AI can turn curated records into underwriting, research and compliance decisions with less manual reconciliation. Incremental financial materiality remains unmeasured.",HYPOTHESIS,
C033,Intercontinental Exchange,feedback,4,15,"Permissioned credit histories, market records, ratings expertise and licensed data feeds. Useful outcome labels and lawful learning rights remain to be verified.",HYPOTHESIS,
C033,Intercontinental Exchange,testability,3,10,Compare incumbent and challenger performance on identical lawful datasets. Then add proprietary features to isolate their marginal value.,HYPOTHESIS,
C033,Intercontinental Exchange,distribution,5,15,"Exchange, data and mortgage workflow infrastructure. Verify the share of eligible workflows reachable through existing channels.",HYPOTHESIS,
C033,Intercontinental Exchange,capture,5,20,"Licenses, data entitlements and embedded decision workflows can support paid tools. Public facts alone are a weak moat. Company-specific risk: Financial cycles and uneven segment-level capture.",HYPOTHESIS,
C034,RELX,asset,5,20,Enriched professional content and decision workflows. Verify exclusivity and practical reuse.,HYPOTHESIS,S04
C034,RELX,ai_leverage,5,20,"AI can convert reference content into validated research, drafting and compliance work. Incremental financial materiality remains unmeasured.",HYPOTHESIS,S04
C034,RELX,feedback,4,15,"Editorial enrichment, citations, licensed archives and trusted professional workflows. Useful outcome labels and lawful learning rights remain to be verified.",HYPOTHESIS,S04
C034,RELX,testability,4,10,"Benchmark against generic models and new specialist entrants on blinded jurisdiction-specific tasks, including total human checking time.",HYPOTHESIS,S04
C034,RELX,distribution,5,15,Enriched professional content and decision workflows. Verify the share of eligible workflows reachable through existing channels.,HYPOTHESIS,S04
C034,RELX,capture,5,20,Paid workflow expansion can exceed lost search seats if customers trust the output and need the underlying content rights. Company-specific risk: Generic agents may weaken seats while trusted content retains value.,HYPOTHESIS,S04
C035,Wolters Kluwer,asset,5,20,"Tax, clinical and compliance content embedded in expert tools. Verify exclusivity and practical reuse.",HYPOTHESIS,S06
C035,Wolters Kluwer,ai_leverage,4,20,"AI can convert reference content into validated research, drafting and compliance work. Incremental financial materiality remains unmeasured.",HYPOTHESIS,S06
C035,Wolters Kluwer,feedback,4,15,"Editorial enrichment, citations, licensed archives and trusted professional workflows. Useful outcome labels and lawful learning rights remain to be verified.",HYPOTHESIS,S06
C035,Wolters Kluwer,testability,4,10,"Benchmark against generic models and new specialist entrants on blinded jurisdiction-specific tasks, including total human checking time.",HYPOTHESIS,S06
C035,Wolters Kluwer,distribution,5,15,"Tax, clinical and compliance content embedded in expert tools. Verify the share of eligible workflows reachable through existing channels.",HYPOTHESIS,S06
C035,Wolters Kluwer,capture,5,20,Paid workflow expansion can exceed lost search seats if customers trust the output and need the underlying content rights. Company-specific risk: Tenant data restrictions and willingness to pay for AI add-ons.,HYPOTHESIS,S06
C036,Thomson Reuters,asset,5,20,Legal and tax content with verification and workflow tools. Verify exclusivity and practical reuse.,HYPOTHESIS,S05
C036,Thomson Reuters,ai_leverage,4,20,"AI can convert reference content into validated research, drafting and compliance work. Incremental financial materiality remains unmeasured.",HYPOTHESIS,S05
C036,Thomson Reuters,feedback,4,15,"Editorial enrichment, citations, licensed archives and trusted professional workflows. Useful outcome labels and lawful learning rights remain to be verified.",HYPOTHESIS,S05
C036,Thomson Reuters,testability,4,10,"Benchmark against generic models and new specialist entrants on blinded jurisdiction-specific tasks, including total human checking time.",HYPOTHESIS,S05
C036,Thomson Reuters,distribution,5,15,Legal and tax content with verification and workflow tools. Verify the share of eligible workflows reachable through existing channels.,HYPOTHESIS,S05
C036,Thomson Reuters,capture,5,20,Paid workflow expansion can exceed lost search seats if customers trust the output and need the underlying content rights. Company-specific risk: Customer content is not available for a pooled training flywheel.,HYPOTHESIS,S05
C037,Intuit,asset,5,20,"Accounting, tax and small-business transaction workflows. Verify exclusivity and practical reuse.",HYPOTHESIS,S07
C037,Intuit,ai_leverage,5,20,"AI can perform more bookkeeping, payroll, compliance or industry-specific administration inside the existing workflow. Incremental financial materiality remains unmeasured.",HYPOTHESIS,S07
C037,Intuit,feedback,4,15,"Domain-specific systems of record, transaction context and implementation knowledge. Useful outcome labels and lawful learning rights remain to be verified.",HYPOTHESIS,S07
C037,Intuit,testability,4,10,"Track customer cohorts, usage rights and total bill changes. Include customers that cancel or downgrade.",HYPOTHESIS,S07
C037,Intuit,distribution,5,15,"Accounting, tax and small-business transaction workflows. Verify the share of eligible workflows reachable through existing channels.",HYPOTHESIS,S07
C037,Intuit,capture,4,20,"Outcome or transaction pricing can expand revenue per customer, if seat loss and model costs remain smaller. Company-specific risk: Seat substitution, competition and support costs of autonomous work.",HYPOTHESIS,S07
C038,Veeva Systems,asset,5,20,Life-sciences commercial and development software workflows. Verify exclusivity and practical reuse.,HYPOTHESIS,
C038,Veeva Systems,ai_leverage,4,20,"AI can perform more bookkeeping, payroll, compliance or industry-specific administration inside the existing workflow. Incremental financial materiality remains unmeasured.",HYPOTHESIS,
C038,Veeva Systems,feedback,4,15,"Domain-specific systems of record, transaction context and implementation knowledge. Useful outcome labels and lawful learning rights remain to be verified.",HYPOTHESIS,
C038,Veeva Systems,testability,4,10,"Track customer cohorts, usage rights and total bill changes. Include customers that cancel or downgrade.",HYPOTHESIS,
C038,Veeva Systems,distribution,5,15,Life-sciences commercial and development software workflows. Verify the share of eligible workflows reachable through existing channels.,HYPOTHESIS,
C038,Veeva Systems,capture,4,20,"Outcome or transaction pricing can expand revenue per customer, if seat loss and model costs remain smaller. Company-specific risk: Customer data rights and transition execution.",HYPOTHESIS,
C039,Constellation Software,asset,4,20,Portfolio of niche vertical software customer relationships. Verify exclusivity and practical reuse.,HYPOTHESIS,
C039,Constellation Software,ai_leverage,3,20,"AI can perform more bookkeeping, payroll, compliance or industry-specific administration inside the existing workflow. Incremental financial materiality remains unmeasured.",HYPOTHESIS,
C039,Constellation Software,feedback,4,15,"Domain-specific systems of record, transaction context and implementation knowledge. Useful outcome labels and lawful learning rights remain to be verified.",HYPOTHESIS,
C039,Constellation Software,testability,4,10,"Track customer cohorts, usage rights and total bill changes. Include customers that cancel or downgrade.",HYPOTHESIS,
C039,Constellation Software,distribution,5,15,Portfolio of niche vertical software customer relationships. Verify the share of eligible workflows reachable through existing channels.,HYPOTHESIS,
C039,Constellation Software,capture,4,20,"Outcome or transaction pricing can expand revenue per customer, if seat loss and model costs remain smaller. Company-specific risk: Decentralized products vary widely in AI readiness and exposure.",HYPOTHESIS,
C040,ADP,asset,4,20,"Payroll, employer distribution and regulatory workflows. Verify exclusivity and practical reuse.",HYPOTHESIS,
C040,ADP,ai_leverage,4,20,"AI can perform more bookkeeping, payroll, compliance or industry-specific administration inside the existing workflow. Incremental financial materiality remains unmeasured.",HYPOTHESIS,
C040,ADP,feedback,4,15,"Domain-specific systems of record, transaction context and implementation knowledge. Useful outcome labels and lawful learning rights remain to be verified.",HYPOTHESIS,
C040,ADP,testability,4,10,"Track customer cohorts, usage rights and total bill changes. Include customers that cancel or downgrade.",HYPOTHESIS,
C040,ADP,distribution,5,15,"Payroll, employer distribution and regulatory workflows. Verify the share of eligible workflows reachable through existing channels.",HYPOTHESIS,
C040,ADP,capture,4,20,"Outcome or transaction pricing can expand revenue per customer, if seat loss and model costs remain smaller. Company-specific risk: Error liability and pricing of automated administration.",HYPOTHESIS,
C041,SAP,asset,5,20,"Enterprise processes, permissions and systems of record. Verify exclusivity and practical reuse.",HYPOTHESIS,S08
C041,SAP,ai_leverage,4,20,AI agents can coordinate transactions across enterprise workflows with existing authorization and audit controls. Incremental financial materiality remains unmeasured.,HYPOTHESIS,S08
C041,SAP,feedback,4,15,"Business process definitions, permissions, integrations and systems of record. Useful outcome labels and lawful learning rights remain to be verified.",HYPOTHESIS,S08
C041,SAP,testability,4,10,"Measure completed workflows with customer-level cash cost, including integration and human exception handling.",HYPOTHESIS,S08
C041,SAP,distribution,5,15,"Enterprise processes, permissions and systems of record. Verify the share of eligible workflows reachable through existing channels.",HYPOTHESIS,S08
C041,SAP,capture,5,20,Control of execution and compliance may preserve economics even as user interfaces change. Company-specific risk: Third-party agents could capture the user relationship.,HYPOTHESIS,S08
C042,ServiceNow,asset,4,20,"Service workflows, permissions and enterprise integrations. Verify exclusivity and practical reuse.",HYPOTHESIS,
C042,ServiceNow,ai_leverage,4,20,AI agents can coordinate transactions across enterprise workflows with existing authorization and audit controls. Incremental financial materiality remains unmeasured.,HYPOTHESIS,
C042,ServiceNow,feedback,4,15,"Business process definitions, permissions, integrations and systems of record. Useful outcome labels and lawful learning rights remain to be verified.",HYPOTHESIS,
C042,ServiceNow,testability,4,10,"Measure completed workflows with customer-level cash cost, including integration and human exception handling.",HYPOTHESIS,
C042,ServiceNow,distribution,5,15,"Service workflows, permissions and enterprise integrations. Verify the share of eligible workflows reachable through existing channels.",HYPOTHESIS,
C042,ServiceNow,capture,5,20,Control of execution and compliance may preserve economics even as user interfaces change. Company-specific risk: AI spend may substitute for seats or invite competing orchestration.,HYPOTHESIS,
C043,Salesforce,asset,4,20,Customer workflows and installed CRM distribution. Verify exclusivity and practical reuse.,HYPOTHESIS,
C043,Salesforce,ai_leverage,4,20,AI agents can coordinate transactions across enterprise workflows with existing authorization and audit controls. Incremental financial materiality remains unmeasured.,HYPOTHESIS,
C043,Salesforce,feedback,4,15,"Business process definitions, permissions, integrations and systems of record. Useful outcome labels and lawful learning rights remain to be verified.",HYPOTHESIS,
C043,Salesforce,testability,4,10,"Measure completed workflows with customer-level cash cost, including integration and human exception handling.",HYPOTHESIS,
C043,Salesforce,distribution,5,15,Customer workflows and installed CRM distribution. Verify the share of eligible workflows reachable through existing channels.,HYPOTHESIS,
C043,Salesforce,capture,4,20,Control of execution and compliance may preserve economics even as user interfaces change. Company-specific risk: Customer-owned data and seat cannibalization.,HYPOTHESIS,
C044,Synopsys,asset,5,20,"Chip design, verification and engineering toolchains. Verify exclusivity and practical reuse.",HYPOTHESIS,S16
C044,Synopsys,ai_leverage,5,20,AI can explore design spaces and generate candidate implementations while deterministic tools validate constraints. Incremental financial materiality remains unmeasured.,HYPOTHESIS,S16
C044,Synopsys,feedback,4,15,"Solvers, design-rule knowledge, verified toolchains and workflow integration. Useful outcome labels and lawful learning rights remain to be verified.",HYPOTHESIS,S16
C044,Synopsys,testability,4,10,"Compare designs under identical constraints, compute budgets and signoff criteria. Keep customer IP permissions explicit.",HYPOTHESIS,S16
C044,Synopsys,distribution,5,15,"Chip design, verification and engineering toolchains. Verify the share of eligible workflows reachable through existing channels.",HYPOTHESIS,S16
C044,Synopsys,capture,5,20,"Validated outputs and deep workflow integration can support software pricing or more design volume. Company-specific risk: Compute cost, integration complexity and customer IP restrictions.",HYPOTHESIS,S16
C045,Cadence Design Systems,asset,5,20,Design and verification toolchains and solver expertise. Verify exclusivity and practical reuse.,HYPOTHESIS,
C045,Cadence Design Systems,ai_leverage,5,20,AI can explore design spaces and generate candidate implementations while deterministic tools validate constraints. Incremental financial materiality remains unmeasured.,HYPOTHESIS,
C045,Cadence Design Systems,feedback,4,15,"Solvers, design-rule knowledge, verified toolchains and workflow integration. Useful outcome labels and lawful learning rights remain to be verified.",HYPOTHESIS,
C045,Cadence Design Systems,testability,4,10,"Compare designs under identical constraints, compute budgets and signoff criteria. Keep customer IP permissions explicit.",HYPOTHESIS,
C045,Cadence Design Systems,distribution,5,15,Design and verification toolchains and solver expertise. Verify the share of eligible workflows reachable through existing channels.,HYPOTHESIS,
C045,Cadence Design Systems,capture,5,20,Validated outputs and deep workflow integration can support software pricing or more design volume. Company-specific risk: Pricing may not capture all customer engineering savings.,HYPOTHESIS,
C046,Dassault Systèmes,asset,4,20,Engineering workflows and digital product models. Verify exclusivity and practical reuse.,HYPOTHESIS,
C046,Dassault Systèmes,ai_leverage,4,20,AI can explore design spaces and generate candidate implementations while deterministic tools validate constraints. Incremental financial materiality remains unmeasured.,HYPOTHESIS,
C046,Dassault Systèmes,feedback,4,15,"Solvers, design-rule knowledge, verified toolchains and workflow integration. Useful outcome labels and lawful learning rights remain to be verified.",HYPOTHESIS,
C046,Dassault Systèmes,testability,4,10,"Compare designs under identical constraints, compute budgets and signoff criteria. Keep customer IP permissions explicit.",HYPOTHESIS,
C046,Dassault Systèmes,distribution,5,15,Engineering workflows and digital product models. Verify the share of eligible workflows reachable through existing channels.,HYPOTHESIS,
C046,Dassault Systèmes,capture,4,20,Validated outputs and deep workflow integration can support software pricing or more design volume. Company-specific risk: Complex implementations and customer data permissions.,HYPOTHESIS,
C047,Autodesk,asset,4,20,"Design files, creation workflows and professional distribution. Verify exclusivity and practical reuse.",HYPOTHESIS,
C047,Autodesk,ai_leverage,4,20,AI can explore design spaces and generate candidate implementations while deterministic tools validate constraints. Incremental financial materiality remains unmeasured.,HYPOTHESIS,
C047,Autodesk,feedback,4,15,"Solvers, design-rule knowledge, verified toolchains and workflow integration. Useful outcome labels and lawful learning rights remain to be verified.",HYPOTHESIS,
C047,Autodesk,testability,4,10,"Compare designs under identical constraints, compute budgets and signoff criteria. Keep customer IP permissions explicit.",HYPOTHESIS,
C047,Autodesk,distribution,5,15,"Design files, creation workflows and professional distribution. Verify the share of eligible workflows reachable through existing channels.",HYPOTHESIS,
C047,Autodesk,capture,4,20,Validated outputs and deep workflow integration can support software pricing or more design volume. Company-specific risk: Agents may reduce seat demand and software differentiation.,HYPOTHESIS,
C048,TSMC,asset,5,20,"Process expertise, yield learning and foundry customer relationships. Verify exclusivity and practical reuse.",HYPOTHESIS,
C048,TSMC,ai_leverage,5,20,"AI can improve defect detection, equipment uptime and process-window search. Incremental financial materiality remains unmeasured.",HYPOTHESIS,
C048,TSMC,feedback,4,15,"Process recipes, yield histories, metrology and installed production equipment. Useful outcome labels and lawful learning rights remain to be verified.",HYPOTHESIS,
C048,TSMC,testability,3,10,"Compare matched tools, wafers and process stages. Account for learning curves that existed before AI deployment.",HYPOTHESIS,
C048,TSMC,distribution,5,15,"Process expertise, yield learning and foundry customer relationships. Verify the share of eligible workflows reachable through existing channels.",HYPOTHESIS,
C048,TSMC,capture,4,20,Leading yields and equipment service value may raise returns. This is separate from selling more capacity to AI customers. Company-specific risk: Geopolitical concentration and capital intensity.,HYPOTHESIS,
C049,ASML,asset,5,20,"Lithography systems, installed-base service and engineering know-how. Verify exclusivity and practical reuse.",HYPOTHESIS,
C049,ASML,ai_leverage,4,20,"AI can improve defect detection, equipment uptime and process-window search. Incremental financial materiality remains unmeasured.",HYPOTHESIS,
C049,ASML,feedback,4,15,"Process recipes, yield histories, metrology and installed production equipment. Useful outcome labels and lawful learning rights remain to be verified.",HYPOTHESIS,
C049,ASML,testability,3,10,"Compare matched tools, wafers and process stages. Account for learning curves that existed before AI deployment.",HYPOTHESIS,
C049,ASML,distribution,5,15,"Lithography systems, installed-base service and engineering know-how. Verify the share of eligible workflows reachable through existing channels.",HYPOTHESIS,
C049,ASML,capture,4,20,Leading yields and equipment service value may raise returns. This is separate from selling more capacity to AI customers. Company-specific risk: Export constraints and customer capital-spending cycles.,HYPOTHESIS,
C050,Applied Materials,asset,4,20,Process equipment and service relationships. Verify exclusivity and practical reuse.,HYPOTHESIS,
C050,Applied Materials,ai_leverage,4,20,"AI can improve defect detection, equipment uptime and process-window search. Incremental financial materiality remains unmeasured.",HYPOTHESIS,
C050,Applied Materials,feedback,4,15,"Process recipes, yield histories, metrology and installed production equipment. Useful outcome labels and lawful learning rights remain to be verified.",HYPOTHESIS,
C050,Applied Materials,testability,3,10,"Compare matched tools, wafers and process stages. Account for learning curves that existed before AI deployment.",HYPOTHESIS,
C050,Applied Materials,distribution,5,15,Process equipment and service relationships. Verify the share of eligible workflows reachable through existing channels.,HYPOTHESIS,
C050,Applied Materials,capture,4,20,Leading yields and equipment service value may raise returns. This is separate from selling more capacity to AI customers. Company-specific risk: Cyclicality and restricted customer process data.,HYPOTHESIS,
C051,KLA,asset,5,20,Inspection and metrology workflows. Verify exclusivity and practical reuse.,HYPOTHESIS,
C051,KLA,ai_leverage,5,20,"AI can improve defect detection, equipment uptime and process-window search. Incremental financial materiality remains unmeasured.",HYPOTHESIS,
C051,KLA,feedback,4,15,"Process recipes, yield histories, metrology and installed production equipment. Useful outcome labels and lawful learning rights remain to be verified.",HYPOTHESIS,
C051,KLA,testability,4,10,"Compare matched tools, wafers and process stages. Account for learning curves that existed before AI deployment.",HYPOTHESIS,
C051,KLA,distribution,5,15,Inspection and metrology workflows. Verify the share of eligible workflows reachable through existing channels.,HYPOTHESIS,
C051,KLA,capture,4,20,Leading yields and equipment service value may raise returns. This is separate from selling more capacity to AI customers. Company-specific risk: Node transitions and customer capex confound productivity claims.,HYPOTHESIS,
C052,Microsoft,asset,5,20,"Enterprise distribution, cloud and developer ecosystem. Verify exclusivity and practical reuse.",HYPOTHESIS,
C052,Microsoft,ai_leverage,5,20,AI can improve internal engineering and customer products while platform distribution enables deployment. Incremental financial materiality remains unmeasured.,HYPOTHESIS,
C052,Microsoft,feedback,4,15,"Cloud infrastructure, developer ecosystems, distribution and operating datasets. Useful outcome labels and lawful learning rights remain to be verified.",HYPOTHESIS,
C052,Microsoft,testability,4,10,"Value cloud, software, advertising and retail separately. Do not count the same AI revenue as both customer savings and supplier profit.",HYPOTHESIS,
C052,Microsoft,distribution,5,15,"Enterprise distribution, cloud and developer ecosystem. Verify the share of eligible workflows reachable through existing channels.",HYPOTHESIS,
C052,Microsoft,capture,5,20,"Usage revenue and ecosystem control can capture value, but compute investment and model competition can absorb it. Company-specific risk: Compute spending, cannibalization and returns on AI infrastructure.",HYPOTHESIS,
C053,Amazon,asset,5,20,"Cloud, retail fulfillment and operating feedback. Verify exclusivity and practical reuse.",HYPOTHESIS,S21
C053,Amazon,ai_leverage,5,20,AI can improve internal engineering and customer products while platform distribution enables deployment. Incremental financial materiality remains unmeasured.,HYPOTHESIS,S21
C053,Amazon,feedback,5,15,"Cloud infrastructure, developer ecosystems, distribution and operating datasets. Useful outcome labels and lawful learning rights remain to be verified.",HYPOTHESIS,S21
C053,Amazon,testability,4,10,"Value cloud, software, advertising and retail separately. Do not count the same AI revenue as both customer savings and supplier profit.",HYPOTHESIS,S21
C053,Amazon,distribution,5,15,"Cloud, retail fulfillment and operating feedback. Verify the share of eligible workflows reachable through existing channels.",HYPOTHESIS,S21
C053,Amazon,capture,5,20,"Usage revenue and ecosystem control can capture value, but compute investment and model competition can absorb it. Company-specific risk: Retail productivity and cloud AI capital returns must be separated.",HYPOTHESIS,S21
C054,Alphabet,asset,5,20,"Search distribution, advertising feedback and cloud infrastructure. Verify exclusivity and practical reuse.",HYPOTHESIS,
C054,Alphabet,ai_leverage,5,20,AI can improve internal engineering and customer products while platform distribution enables deployment. Incremental financial materiality remains unmeasured.,HYPOTHESIS,
C054,Alphabet,feedback,5,15,"Cloud infrastructure, developer ecosystems, distribution and operating datasets. Useful outcome labels and lawful learning rights remain to be verified.",HYPOTHESIS,
C054,Alphabet,testability,4,10,"Value cloud, software, advertising and retail separately. Do not count the same AI revenue as both customer savings and supplier profit.",HYPOTHESIS,
C054,Alphabet,distribution,5,15,"Search distribution, advertising feedback and cloud infrastructure. Verify the share of eligible workflows reachable through existing channels.",HYPOTHESIS,
C054,Alphabet,capture,4,20,"Usage revenue and ecosystem control can capture value, but compute investment and model competition can absorb it. Company-specific risk: AI may cannibalize profitable search while adding compute cost.",HYPOTHESIS,
C055,Accenture,asset,3,20,Enterprise relationships and transformation delivery expertise. Verify exclusivity and practical reuse.,HYPOTHESIS,
C055,Accenture,ai_leverage,3,20,AI can reduce the labor required for delivery and increase project throughput. Incremental financial materiality remains unmeasured.,HYPOTHESIS,
C055,Accenture,feedback,4,15,"Implementation expertise, customer access and operational delivery knowledge. Useful outcome labels and lawful learning rights remain to be verified.",HYPOTHESIS,
C055,Accenture,testability,4,10,"Compare contract types and project cohorts, controlling for offshoring, utilization and wage changes.",HYPOTHESIS,
C055,Accenture,distribution,5,15,Enterprise relationships and transformation delivery expertise. Verify the share of eligible workflows reachable through existing channels.,HYPOTHESIS,
C055,Accenture,capture,2,20,Fixed-price or outcome contracts can retain savings. Hourly billing may shrink revenue as productivity improves. Company-specific risk: Fewer billable hours and client insourcing.,HYPOTHESIS,
C056,Tata Consultancy Services,asset,3,20,Large delivery organization and customer process knowledge. Verify exclusivity and practical reuse.,HYPOTHESIS,
C056,Tata Consultancy Services,ai_leverage,3,20,AI can reduce the labor required for delivery and increase project throughput. Incremental financial materiality remains unmeasured.,HYPOTHESIS,
C056,Tata Consultancy Services,feedback,4,15,"Implementation expertise, customer access and operational delivery knowledge. Useful outcome labels and lawful learning rights remain to be verified.",HYPOTHESIS,
C056,Tata Consultancy Services,testability,4,10,"Compare contract types and project cohorts, controlling for offshoring, utilization and wage changes.",HYPOTHESIS,
C056,Tata Consultancy Services,distribution,5,15,Large delivery organization and customer process knowledge. Verify the share of eligible workflows reachable through existing channels.,HYPOTHESIS,
C056,Tata Consultancy Services,capture,2,20,Fixed-price or outcome contracts can retain savings. Hourly billing may shrink revenue as productivity improves. Company-specific risk: Labor-arbitrage economics may weaken as coding automates.,HYPOTHESIS,
C057,Palo Alto Networks,asset,4,20,Security platform distribution and threat-response workflows. Verify exclusivity and practical reuse.,HYPOTHESIS,
C057,Palo Alto Networks,ai_leverage,5,20,"AI can triage incidents, correlate signals and accelerate response while attackers also use AI. Incremental financial materiality remains unmeasured.",HYPOTHESIS,
C057,Palo Alto Networks,feedback,4,15,"Threat telemetry, endpoint distribution, response workflows and security expertise. Useful outcome labels and lawful learning rights remain to be verified.",HYPOTHESIS,
C057,Palo Alto Networks,testability,4,10,Use independent adversarial evaluations and production incident cohorts. Never substitute demo detection for real-world coverage.,HYPOTHESIS,
C057,Palo Alto Networks,distribution,5,15,Security platform distribution and threat-response workflows. Verify the share of eligible workflows reachable through existing channels.,HYPOTHESIS,
C057,Palo Alto Networks,capture,4,20,"Trusted security platforms can retain spending if detection quality and integration outperform cheaper bundled tools. Company-specific risk: Bundling, integration and AI-enabled attacks.",HYPOTHESIS,
C058,CrowdStrike,asset,4,20,Endpoint telemetry and security operations workflows. Verify exclusivity and practical reuse.,HYPOTHESIS,S22
C058,CrowdStrike,ai_leverage,5,20,"AI can triage incidents, correlate signals and accelerate response while attackers also use AI. Incremental financial materiality remains unmeasured.",HYPOTHESIS,S22
C058,CrowdStrike,feedback,5,15,"Threat telemetry, endpoint distribution, response workflows and security expertise. Useful outcome labels and lawful learning rights remain to be verified.",HYPOTHESIS,S22
C058,CrowdStrike,testability,4,10,Use independent adversarial evaluations and production incident cohorts. Never substitute demo detection for real-world coverage.,HYPOTHESIS,S22
C058,CrowdStrike,distribution,5,15,Endpoint telemetry and security operations workflows. Verify the share of eligible workflows reachable through existing channels.,HYPOTHESIS,S22
C058,CrowdStrike,capture,4,20,Trusted security platforms can retain spending if detection quality and integration outperform cheaper bundled tools. Company-specific risk: Correlated service failures and adversarial adaptation.,HYPOTHESIS,S22
C059,Siemens,asset,5,20,"Industrial controls, engineering software and installed equipment. Verify exclusivity and practical reuse.",HYPOTHESIS,S20
C059,Siemens,ai_leverage,4,20,"AI can improve commissioning, anomaly detection and energy optimization across existing equipment. Incremental financial materiality remains unmeasured.",HYPOTHESIS,S20
C059,Siemens,feedback,4,15,"Installed controls, engineering channels, operational telemetry and service expertise. Useful outcome labels and lawful learning rights remain to be verified.",HYPOTHESIS,S20
C059,Siemens,testability,4,10,"Compare similar production cells before staged rollout, controlling for maintenance and capital upgrades.",HYPOTHESIS,S20
C059,Siemens,distribution,5,15,"Industrial controls, engineering software and installed equipment. Verify the share of eligible workflows reachable through existing channels.",HYPOTHESIS,S20
C059,Siemens,capture,4,20,Installed-base integration and service contracts may monetize customer downtime savings. Company-specific risk: Customer integration costs and data access limit scale.,HYPOTHESIS,S20
C060,Schneider Electric,asset,4,20,Power-management installed base and industrial software channels. Verify exclusivity and practical reuse.,HYPOTHESIS,
C060,Schneider Electric,ai_leverage,4,20,"AI can improve commissioning, anomaly detection and energy optimization across existing equipment. Incremental financial materiality remains unmeasured.",HYPOTHESIS,
C060,Schneider Electric,feedback,4,15,"Installed controls, engineering channels, operational telemetry and service expertise. Useful outcome labels and lawful learning rights remain to be verified.",HYPOTHESIS,
C060,Schneider Electric,testability,4,10,"Compare similar production cells before staged rollout, controlling for maintenance and capital upgrades.",HYPOTHESIS,
C060,Schneider Electric,distribution,5,15,Power-management installed base and industrial software channels. Verify the share of eligible workflows reachable through existing channels.,HYPOTHESIS,
C060,Schneider Electric,capture,4,20,Installed-base integration and service contracts may monetize customer downtime savings. Company-specific risk: AI infrastructure demand can obscure actual operating productivity.,HYPOTHESIS,
C061,ABB,asset,4,20,Electrification and automation installed base. Verify exclusivity and practical reuse.,HYPOTHESIS,
C061,ABB,ai_leverage,4,20,"AI can improve commissioning, anomaly detection and energy optimization across existing equipment. Incremental financial materiality remains unmeasured.",HYPOTHESIS,
C061,ABB,feedback,4,15,"Installed controls, engineering channels, operational telemetry and service expertise. Useful outcome labels and lawful learning rights remain to be verified.",HYPOTHESIS,
C061,ABB,testability,4,10,"Compare similar production cells before staged rollout, controlling for maintenance and capital upgrades.",HYPOTHESIS,
C061,ABB,distribution,5,15,Electrification and automation installed base. Verify the share of eligible workflows reachable through existing channels.,HYPOTHESIS,
C061,ABB,capture,4,20,Installed-base integration and service contracts may monetize customer downtime savings. Company-specific risk: Business perimeter and customer deployment vary by division.,HYPOTHESIS,
C062,Deere,asset,5,20,"Agricultural machines, dealer distribution and field workflows. Verify exclusivity and practical reuse.",HYPOTHESIS,
C062,Deere,ai_leverage,5,20,"Computer vision and autonomy can reduce inputs, operator burden and idle time. Incremental financial materiality remains unmeasured.",HYPOTHESIS,
C062,Deere,feedback,4,15,"Equipment fleets, dealer networks, field telemetry and work-cycle knowledge. Useful outcome labels and lawful learning rights remain to be verified.",HYPOTHESIS,
C062,Deere,testability,4,10,Use paired fields or work sites with equal conditions. Measure whole-season or whole-shift results rather than selected demonstrations.,HYPOTHESIS,
C062,Deere,distribution,5,15,"Agricultural machines, dealer distribution and field workflows. Verify the share of eligible workflows reachable through existing channels.",HYPOTHESIS,
C062,Deere,capture,4,20,"Equipment premiums, subscriptions and services may retain a share of per-acre or per-tonne savings. Company-specific risk: Farm economics, interoperability and paid adoption.",HYPOTHESIS,
C063,Caterpillar,asset,4,20,"Equipment fleets, dealers and service relationships. Verify exclusivity and practical reuse.",HYPOTHESIS,
C063,Caterpillar,ai_leverage,4,20,"Computer vision and autonomy can reduce inputs, operator burden and idle time. Incremental financial materiality remains unmeasured.",HYPOTHESIS,
C063,Caterpillar,feedback,4,15,"Equipment fleets, dealer networks, field telemetry and work-cycle knowledge. Useful outcome labels and lawful learning rights remain to be verified.",HYPOTHESIS,
C063,Caterpillar,testability,3,10,Use paired fields or work sites with equal conditions. Measure whole-season or whole-shift results rather than selected demonstrations.,HYPOTHESIS,
C063,Caterpillar,distribution,5,15,"Equipment fleets, dealers and service relationships. Verify the share of eligible workflows reachable through existing channels.",HYPOTHESIS,
C063,Caterpillar,capture,4,20,"Equipment premiums, subscriptions and services may retain a share of per-acre or per-tonne savings. Company-specific risk: Commodity cycles and customer-owned operational data.",HYPOTHESIS,
C064,Komatsu,asset,4,20,Construction and mining machinery and fleet knowledge. Verify exclusivity and practical reuse.,HYPOTHESIS,
C064,Komatsu,ai_leverage,4,20,"Computer vision and autonomy can reduce inputs, operator burden and idle time. Incremental financial materiality remains unmeasured.",HYPOTHESIS,
C064,Komatsu,feedback,4,15,"Equipment fleets, dealer networks, field telemetry and work-cycle knowledge. Useful outcome labels and lawful learning rights remain to be verified.",HYPOTHESIS,
C064,Komatsu,testability,3,10,Use paired fields or work sites with equal conditions. Measure whole-season or whole-shift results rather than selected demonstrations.,HYPOTHESIS,
C064,Komatsu,distribution,5,15,Construction and mining machinery and fleet knowledge. Verify the share of eligible workflows reachable through existing channels.,HYPOTHESIS,
C064,Komatsu,capture,4,20,"Equipment premiums, subscriptions and services may retain a share of per-acre or per-tonne savings. Company-specific risk: Hardware cycles and difficult field validation.",HYPOTHESIS,
C065,DHL Group,asset,4,20,Shipment networks and route-level operating knowledge. Verify exclusivity and practical reuse.,HYPOTHESIS,
C065,DHL Group,ai_leverage,4,20,"AI can improve routing, load matching, maintenance and network placement. Incremental financial materiality remains unmeasured.",HYPOTHESIS,
C065,DHL Group,feedback,4,15,"Route density, shipment flows, depot networks and asset histories. Useful outcome labels and lawful learning rights remain to be verified.",HYPOTHESIS,
C065,DHL Group,testability,4,10,"Compare matched routes and depots with volume, distance, weather, fuel and service mix held constant.",HYPOTHESIS,
C065,DHL Group,distribution,5,15,Shipment networks and route-level operating knowledge. Verify the share of eligible workflows reachable through existing channels.,HYPOTHESIS,
C065,DHL Group,capture,3,20,"Dense networks and service reliability can retain savings, although large customers and fuel contracts may demand pass-through. Company-specific risk: Price competition and labor contracts pass savings through.",HYPOTHESIS,
C066,UPS,asset,4,20,Parcel network density and delivery history. Verify exclusivity and practical reuse.,HYPOTHESIS,
C066,UPS,ai_leverage,4,20,"AI can improve routing, load matching, maintenance and network placement. Incremental financial materiality remains unmeasured.",HYPOTHESIS,
C066,UPS,feedback,4,15,"Route density, shipment flows, depot networks and asset histories. Useful outcome labels and lawful learning rights remain to be verified.",HYPOTHESIS,
C066,UPS,testability,4,10,"Compare matched routes and depots with volume, distance, weather, fuel and service mix held constant.",HYPOTHESIS,
C066,UPS,distribution,5,15,Parcel network density and delivery history. Verify the share of eligible workflows reachable through existing channels.,HYPOTHESIS,
C066,UPS,capture,3,20,"Dense networks and service reliability can retain savings, although large customers and fuel contracts may demand pass-through. Company-specific risk: Volume changes and labor costs dominate unit economics.",HYPOTHESIS,
C067,Canadian National Railway,asset,4,20,Rail network and maintenance records. Verify exclusivity and practical reuse.,HYPOTHESIS,
C067,Canadian National Railway,ai_leverage,3,20,"AI can improve routing, load matching, maintenance and network placement. Incremental financial materiality remains unmeasured.",HYPOTHESIS,
C067,Canadian National Railway,feedback,4,15,"Route density, shipment flows, depot networks and asset histories. Useful outcome labels and lawful learning rights remain to be verified.",HYPOTHESIS,
C067,Canadian National Railway,testability,3,10,"Compare matched routes and depots with volume, distance, weather, fuel and service mix held constant.",HYPOTHESIS,
C067,Canadian National Railway,distribution,5,15,Rail network and maintenance records. Verify the share of eligible workflows reachable through existing channels.,HYPOTHESIS,
C067,Canadian National Railway,capture,3,20,"Dense networks and service reliability can retain savings, although large customers and fuel contracts may demand pass-through. Company-specific risk: Safety constraints and traffic mix limit automation.",HYPOTHESIS,
C068,Safran,asset,5,20,Civil engine and aircraft-equipment service knowledge. Verify exclusivity and practical reuse.,HYPOTHESIS,
C068,Safran,ai_leverage,4,20,"AI can improve engineering, inspection and predictive maintenance while certification constrains deployment. Incremental financial materiality remains unmeasured.",HYPOTHESIS,
C068,Safran,feedback,4,15,"Certified designs, fleet-service records, engineering expertise and installed engines. Useful outcome labels and lawful learning rights remain to be verified.",HYPOTHESIS,
C068,Safran,testability,2,10,"Evaluate matched fleets by engine variant, utilization and environment. Require independent engineering review.",HYPOTHESIS,
C068,Safran,distribution,5,15,Civil engine and aircraft-equipment service knowledge. Verify the share of eligible workflows reachable through existing channels.,HYPOTHESIS,
C068,Safran,capture,4,20,Long service relationships and contracted availability can reward lower maintenance cost. Company-specific risk: Long-tail engineering liabilities and certification.,HYPOTHESIS,
C069,GE Aerospace,asset,5,20,Engine fleet and service contract experience. Verify exclusivity and practical reuse.,HYPOTHESIS,
C069,GE Aerospace,ai_leverage,4,20,"AI can improve engineering, inspection and predictive maintenance while certification constrains deployment. Incremental financial materiality remains unmeasured.",HYPOTHESIS,
C069,GE Aerospace,feedback,4,15,"Certified designs, fleet-service records, engineering expertise and installed engines. Useful outcome labels and lawful learning rights remain to be verified.",HYPOTHESIS,
C069,GE Aerospace,testability,2,10,"Evaluate matched fleets by engine variant, utilization and environment. Require independent engineering review.",HYPOTHESIS,
C069,GE Aerospace,distribution,5,15,Engine fleet and service contract experience. Verify the share of eligible workflows reachable through existing channels.,HYPOTHESIS,
C069,GE Aerospace,capture,4,20,Long service relationships and contracted availability can reward lower maintenance cost. Company-specific risk: Lower maintenance may reduce billable work under some contracts.,HYPOTHESIS,
C070,Waste Management,asset,4,20,"Local route density, disposal assets and commercial contracts. Verify exclusivity and practical reuse.",HYPOTHESIS,
C070,Waste Management,ai_leverage,3,20,"AI can improve dispatch, sorting, service planning and customer support. Incremental financial materiality remains unmeasured.",HYPOTHESIS,
C070,Waste Management,feedback,4,15,"Local route density, asset records and recurring commercial contracts. Useful outcome labels and lawful learning rights remain to be verified.",HYPOTHESIS,
C070,Waste Management,testability,3,10,"Compare matched routes and facilities and include replacement capex, training and exception handling.",HYPOTHESIS,
C070,Waste Management,distribution,5,15,"Local route density, disposal assets and commercial contracts. Verify the share of eligible workflows reachable through existing channels.",HYPOTHESIS,
C070,Waste Management,capture,3,20,"Density and recurring service relationships can retain some cost savings, especially where local capacity is scarce. Company-specific risk: Automation capex and municipal repricing.",HYPOTHESIS,
C071,Cintas,asset,3,20,Recurring service routes and customer relationships. Verify exclusivity and practical reuse.,HYPOTHESIS,
C071,Cintas,ai_leverage,3,20,"AI can improve dispatch, sorting, service planning and customer support. Incremental financial materiality remains unmeasured.",HYPOTHESIS,
C071,Cintas,feedback,3,15,"Local route density, asset records and recurring commercial contracts. Useful outcome labels and lawful learning rights remain to be verified.",HYPOTHESIS,
C071,Cintas,testability,3,10,"Compare matched routes and facilities and include replacement capex, training and exception handling.",HYPOTHESIS,
C071,Cintas,distribution,5,15,Recurring service routes and customer relationships. Verify the share of eligible workflows reachable through existing channels.,HYPOTHESIS,
C071,Cintas,capture,3,20,"Density and recurring service relationships can retain some cost savings, especially where local capacity is scarce. Company-specific risk: Much of the work remains physical and labor-intensive.",HYPOTHESIS,
C072,Linde,asset,4,20,Industrial gas process plants and long customer contracts. Verify exclusivity and practical reuse.,HYPOTHESIS,
C072,Linde,ai_leverage,4,20,"AI can propose formulations and optimize process conditions, improving experiment throughput and resource intensity. Incremental financial materiality remains unmeasured.",HYPOTHESIS,
C072,Linde,feedback,4,15,"Formulation libraries, application expertise, process plants and customer qualification. Useful outcome labels and lawful learning rights remain to be verified.",HYPOTHESIS,
C072,Linde,testability,3,10,Use blinded formulation tests and matched production runs. Distinguish specialty pricing from commodity cycle effects.,HYPOTHESIS,
C072,Linde,distribution,5,15,Industrial gas process plants and long customer contracts. Verify the share of eligible workflows reachable through existing channels.,HYPOTHESIS,
C072,Linde,capture,4,20,"Qualified formulations, long contracts and application support may retain value. Commodity producers face price pass-through. Company-specific risk: Contract pass-through and energy prices determine retention.",HYPOTHESIS,
C073,BASF,asset,4,20,"Chemical processes, formulation knowledge and integrated plants. Verify exclusivity and practical reuse.",HYPOTHESIS,
C073,BASF,ai_leverage,3,20,"AI can propose formulations and optimize process conditions, improving experiment throughput and resource intensity. Incremental financial materiality remains unmeasured.",HYPOTHESIS,
C073,BASF,feedback,4,15,"Formulation libraries, application expertise, process plants and customer qualification. Useful outcome labels and lawful learning rights remain to be verified.",HYPOTHESIS,
C073,BASF,testability,3,10,Use blinded formulation tests and matched production runs. Distinguish specialty pricing from commodity cycle effects.,HYPOTHESIS,
C073,BASF,distribution,5,15,"Chemical processes, formulation knowledge and integrated plants. Verify the share of eligible workflows reachable through existing channels.",HYPOTHESIS,
C073,BASF,capture,2,20,"Qualified formulations, long contracts and application support may retain value. Commodity producers face price pass-through. Company-specific risk: Commodity exposure and energy disadvantage can overwhelm AI.",HYPOTHESIS,
C074,dsm-firmenich,asset,4,20,"Nutrition, fragrance and formulation expertise. Verify exclusivity and practical reuse.",HYPOTHESIS,
C074,dsm-firmenich,ai_leverage,4,20,"AI can propose formulations and optimize process conditions, improving experiment throughput and resource intensity. Incremental financial materiality remains unmeasured.",HYPOTHESIS,
C074,dsm-firmenich,feedback,4,15,"Formulation libraries, application expertise, process plants and customer qualification. Useful outcome labels and lawful learning rights remain to be verified.",HYPOTHESIS,
C074,dsm-firmenich,testability,3,10,Use blinded formulation tests and matched production runs. Distinguish specialty pricing from commodity cycle effects.,HYPOTHESIS,
C074,dsm-firmenich,distribution,5,15,"Nutrition, fragrance and formulation expertise. Verify the share of eligible workflows reachable through existing channels.",HYPOTHESIS,
C074,dsm-firmenich,capture,4,20,"Qualified formulations, long contracts and application support may retain value. Commodity producers face price pass-through. Company-specific risk: Integration, customer qualification and changing business perimeter.",HYPOTHESIS,
C075,Rio Tinto,asset,4,20,Orebody knowledge and large mining operations. Verify exclusivity and practical reuse.,HYPOTHESIS,
C075,Rio Tinto,ai_leverage,3,20,"AI can improve grade control, ore sorting and maintenance, raising recoverable output from existing assets. Incremental financial materiality remains unmeasured.",HYPOTHESIS,
C075,Rio Tinto,feedback,4,15,"Orebody knowledge, geological records, equipment fleets and processing plants. Useful outcome labels and lawful learning rights remain to be verified.",HYPOTHESIS,
C075,Rio Tinto,testability,3,10,Compare benches and processing runs with mineralogy and grade controls. Separate autonomy from commodity exposure.,HYPOTHESIS,
C075,Rio Tinto,distribution,5,15,Orebody knowledge and large mining operations. Verify the share of eligible workflows reachable through existing channels.,HYPOTHESIS,
C075,Rio Tinto,capture,3,20,"Low-cost resource owners may retain operational gains, but commodity prices and royalties remain dominant. Company-specific risk: Grade, commodity prices and project execution dominate.",HYPOTHESIS,
C076,BHP,asset,4,20,Resource assets and processing operations. Verify exclusivity and practical reuse.,HYPOTHESIS,
C076,BHP,ai_leverage,3,20,"AI can improve grade control, ore sorting and maintenance, raising recoverable output from existing assets. Incremental financial materiality remains unmeasured.",HYPOTHESIS,
C076,BHP,feedback,4,15,"Orebody knowledge, geological records, equipment fleets and processing plants. Useful outcome labels and lawful learning rights remain to be verified.",HYPOTHESIS,
C076,BHP,testability,3,10,Compare benches and processing runs with mineralogy and grade controls. Separate autonomy from commodity exposure.,HYPOTHESIS,
C076,BHP,distribution,5,15,Resource assets and processing operations. Verify the share of eligible workflows reachable through existing channels.,HYPOTHESIS,
C076,BHP,capture,3,20,"Low-cost resource owners may retain operational gains, but commodity prices and royalties remain dominant. Company-specific risk: Commodity cycles, royalties and sustaining capital.",HYPOTHESIS,
C077,Alibaba,asset,5,20,"Commerce distribution, merchants and operating data. Verify exclusivity and practical reuse.",HYPOTHESIS,
C077,Alibaba,ai_leverage,4,20,"AI can improve matching, inventory allocation and merchandising while reducing seller or service work. Incremental financial materiality remains unmeasured.",HYPOTHESIS,
C077,Alibaba,feedback,4,15,"Transaction histories, seller networks, customer access and fulfillment or merchandising systems. Useful outcome labels and lawful learning rights remain to be verified.",HYPOTHESIS,
C077,Alibaba,testability,4,10,"Run cohort or market tests controlling for subsidies, category mix and fulfillment speed.",HYPOTHESIS,
C077,Alibaba,distribution,5,15,"Commerce distribution, merchants and operating data. Verify the share of eligible workflows reachable through existing channels.",HYPOTHESIS,
C077,Alibaba,capture,4,20,"Network density and distribution can capture gains through retention, service fees or advertising. Agents can also bypass storefronts. Company-specific risk: Governance, competition and regulatory constraints.",HYPOTHESIS,
C078,MercadoLibre,asset,5,20,"Commerce, logistics and payment relationships. Verify exclusivity and practical reuse.",HYPOTHESIS,
C078,MercadoLibre,ai_leverage,5,20,"AI can improve matching, inventory allocation and merchandising while reducing seller or service work. Incremental financial materiality remains unmeasured.",HYPOTHESIS,
C078,MercadoLibre,feedback,5,15,"Transaction histories, seller networks, customer access and fulfillment or merchandising systems. Useful outcome labels and lawful learning rights remain to be verified.",HYPOTHESIS,
C078,MercadoLibre,testability,4,10,"Run cohort or market tests controlling for subsidies, category mix and fulfillment speed.",HYPOTHESIS,
C078,MercadoLibre,distribution,5,15,"Commerce, logistics and payment relationships. Verify the share of eligible workflows reachable through existing channels.",HYPOTHESIS,
C078,MercadoLibre,capture,4,20,"Network density and distribution can capture gains through retention, service fees or advertising. Agents can also bypass storefronts. Company-specific risk: Credit losses, currency and subsidized growth.",HYPOTHESIS,
C079,Inditex,asset,4,20,"Merchandising, store network and inventory feedback. Verify exclusivity and practical reuse.",HYPOTHESIS,
C079,Inditex,ai_leverage,4,20,"AI can improve matching, inventory allocation and merchandising while reducing seller or service work. Incremental financial materiality remains unmeasured.",HYPOTHESIS,
C079,Inditex,feedback,4,15,"Transaction histories, seller networks, customer access and fulfillment or merchandising systems. Useful outcome labels and lawful learning rights remain to be verified.",HYPOTHESIS,
C079,Inditex,testability,4,10,"Run cohort or market tests controlling for subsidies, category mix and fulfillment speed.",HYPOTHESIS,
C079,Inditex,distribution,5,15,"Merchandising, store network and inventory feedback. Verify the share of eligible workflows reachable through existing channels.",HYPOTHESIS,
C079,Inditex,capture,4,20,"Network density and distribution can capture gains through retention, service fees or advertising. Agents can also bypass storefronts. Company-specific risk: Brand demand and inventory discipline may explain gains without AI.",HYPOTHESIS,
C080,Uber,asset,5,20,"Mobility demand, matching and driver-market density. Verify exclusivity and practical reuse.",HYPOTHESIS,
C080,Uber,ai_leverage,5,20,"AI can improve matching, itinerary planning and support, increasing utilization and conversion. Incremental financial materiality remains unmeasured.",HYPOTHESIS,
C080,Uber,feedback,4,15,"Demand density, supply relationships, transaction context and booking infrastructure. Useful outcome labels and lawful learning rights remain to be verified.",HYPOTHESIS,
C080,Uber,testability,4,10,Evaluate matched geographic and customer cohorts. Separate AI conversion from travel cycles and promotional spending.,HYPOTHESIS,
C080,Uber,distribution,5,15,"Mobility demand, matching and driver-market density. Verify the share of eligible workflows reachable through existing channels.",HYPOTHESIS,
C080,Uber,capture,4,20,"Network access and transaction completion may retain value, but external agents can redirect customer relationships. Company-specific risk: Autonomous fleet owners or agents may capture economics.",HYPOTHESIS,
C081,Booking Holdings,asset,5,20,"Travel demand, supplier relationships and conversion history. Verify exclusivity and practical reuse.",HYPOTHESIS,
C081,Booking Holdings,ai_leverage,4,20,"AI can improve matching, itinerary planning and support, increasing utilization and conversion. Incremental financial materiality remains unmeasured.",HYPOTHESIS,
C081,Booking Holdings,feedback,4,15,"Demand density, supply relationships, transaction context and booking infrastructure. Useful outcome labels and lawful learning rights remain to be verified.",HYPOTHESIS,
C081,Booking Holdings,testability,4,10,Evaluate matched geographic and customer cohorts. Separate AI conversion from travel cycles and promotional spending.,HYPOTHESIS,
C081,Booking Holdings,distribution,5,15,"Travel demand, supplier relationships and conversion history. Verify the share of eligible workflows reachable through existing channels.",HYPOTHESIS,
C081,Booking Holdings,capture,4,20,"Network access and transaction completion may retain value, but external agents can redirect customer relationships. Company-specific risk: AI agents may bypass discovery and reduce commissions.",HYPOTHESIS,
C082,Amadeus IT Group,asset,5,20,Travel reservations and airline operating workflows. Verify exclusivity and practical reuse.,HYPOTHESIS,
C082,Amadeus IT Group,ai_leverage,4,20,"AI can improve matching, itinerary planning and support, increasing utilization and conversion. Incremental financial materiality remains unmeasured.",HYPOTHESIS,
C082,Amadeus IT Group,feedback,4,15,"Demand density, supply relationships, transaction context and booking infrastructure. Useful outcome labels and lawful learning rights remain to be verified.",HYPOTHESIS,
C082,Amadeus IT Group,testability,4,10,Evaluate matched geographic and customer cohorts. Separate AI conversion from travel cycles and promotional spending.,HYPOTHESIS,
C082,Amadeus IT Group,distribution,5,15,Travel reservations and airline operating workflows. Verify the share of eligible workflows reachable through existing channels.,HYPOTHESIS,
C082,Amadeus IT Group,capture,4,20,"Network access and transaction completion may retain value, but external agents can redirect customer relationships. Company-specific risk: Airline bargaining power and distribution change.",HYPOTHESIS,
C083,Toyota Motor,asset,4,20,Manufacturing knowledge and global service network. Verify exclusivity and practical reuse.,HYPOTHESIS,
C083,Toyota Motor,ai_leverage,3,20,"AI can improve design, production quality and service diagnostics. Autonomous driving is a separate capital-intensive thesis. Incremental financial materiality remains unmeasured.",HYPOTHESIS,
C083,Toyota Motor,feedback,4,15,"Manufacturing expertise, engineering data, vehicle fleets and service distribution. Useful outcome labels and lawful learning rights remain to be verified.",HYPOTHESIS,
C083,Toyota Motor,testability,3,10,Benchmark matched models and plants. Treat autonomy R&D and commercial manufacturing productivity separately.,HYPOTHESIS,
C083,Toyota Motor,distribution,5,15,Manufacturing knowledge and global service network. Verify the share of eligible workflows reachable through existing channels.,HYPOTHESIS,
C083,Toyota Motor,capture,3,20,"Brand and differentiated vehicle economics must retain savings despite price competition. Company-specific risk: Product mix, EV competition and software execution.",HYPOTHESIS,
C084,BMW,asset,4,20,"Premium vehicles, engineering and manufacturing knowledge. Verify exclusivity and practical reuse.",HYPOTHESIS,
C084,BMW,ai_leverage,3,20,"AI can improve design, production quality and service diagnostics. Autonomous driving is a separate capital-intensive thesis. Incremental financial materiality remains unmeasured.",HYPOTHESIS,
C084,BMW,feedback,4,15,"Manufacturing expertise, engineering data, vehicle fleets and service distribution. Useful outcome labels and lawful learning rights remain to be verified.",HYPOTHESIS,
C084,BMW,testability,3,10,Benchmark matched models and plants. Treat autonomy R&D and commercial manufacturing productivity separately.,HYPOTHESIS,
C084,BMW,distribution,5,15,"Premium vehicles, engineering and manufacturing knowledge. Verify the share of eligible workflows reachable through existing channels.",HYPOTHESIS,
C084,BMW,capture,2,20,Brand and differentiated vehicle economics must retain savings despite price competition. Company-specific risk: Geographic competitiveness and price pressure can outweigh savings.,HYPOTHESIS,
C085,Nike,asset,3,20,"Brand, product archive and distribution. Verify exclusivity and practical reuse.",HYPOTHESIS,
C085,Nike,ai_leverage,3,20,AI can improve demand forecasting and product iteration while reducing marketing production cost. Incremental financial materiality remains unmeasured.,HYPOTHESIS,
C085,Nike,feedback,3,15,"Brand equity, product archives, direct customer relationships and distribution. Useful outcome labels and lawful learning rights remain to be verified.",HYPOTHESIS,
C085,Nike,testability,3,10,"Use product and region cohorts, separating price increases and channel shifts from AI improvements.",HYPOTHESIS,
C085,Nike,distribution,5,15,"Brand, product archive and distribution. Verify the share of eligible workflows reachable through existing channels.",HYPOTHESIS,
C085,Nike,capture,3,20,Scarce brands and owned customer access may preserve pricing. Generic creative production offers little durable advantage. Company-specific risk: Brand relevance and channel strategy overwhelm generic AI tools.,HYPOTHESIS,
C086,LVMH,asset,3,20,"Scarce brands, design history and customer relationships. Verify exclusivity and practical reuse.",HYPOTHESIS,
C086,LVMH,ai_leverage,3,20,AI can improve demand forecasting and product iteration while reducing marketing production cost. Incremental financial materiality remains unmeasured.,HYPOTHESIS,
C086,LVMH,feedback,3,15,"Brand equity, product archives, direct customer relationships and distribution. Useful outcome labels and lawful learning rights remain to be verified.",HYPOTHESIS,
C086,LVMH,testability,3,10,"Use product and region cohorts, separating price increases and channel shifts from AI improvements.",HYPOTHESIS,
C086,LVMH,distribution,5,15,"Scarce brands, design history and customer relationships. Verify the share of eligible workflows reachable through existing channels.",HYPOTHESIS,
C086,LVMH,capture,4,20,Scarce brands and owned customer access may preserve pricing. Generic creative production offers little durable advantage. Company-specific risk: AI content may dilute scarcity and luxury demand remains cyclical.,HYPOTHESIS,
C087,Unilever,asset,4,20,"Brands, formulations and distribution. Verify exclusivity and practical reuse.",HYPOTHESIS,
C087,Unilever,ai_leverage,3,20,"AI can improve formulation, demand planning and plant operations. Incremental financial materiality remains unmeasured.",HYPOTHESIS,
C087,Unilever,feedback,4,15,"Formulation know-how, brands, distribution and manufacturing networks. Useful outcome labels and lawful learning rights remain to be verified.",HYPOTHESIS,
C087,Unilever,testability,3,10,"Use matched plants and product cohorts controlling for input inflation, mix, pricing and trade spend.",HYPOTHESIS,
C087,Unilever,distribution,5,15,"Brands, formulations and distribution. Verify the share of eligible workflows reachable through existing channels.",HYPOTHESIS,
C087,Unilever,capture,3,20,"Brand strength and efficient distribution may retain part of savings, but retailers and consumers can demand lower prices. Company-specific risk: Retailer bargaining and promotions absorb savings.",HYPOTHESIS,
C088,Nestlé,asset,4,20,"Food research, brands and manufacturing networks. Verify exclusivity and practical reuse.",HYPOTHESIS,
C088,Nestlé,ai_leverage,3,20,"AI can improve formulation, demand planning and plant operations. Incremental financial materiality remains unmeasured.",HYPOTHESIS,
C088,Nestlé,feedback,4,15,"Formulation know-how, brands, distribution and manufacturing networks. Useful outcome labels and lawful learning rights remain to be verified.",HYPOTHESIS,
C088,Nestlé,testability,3,10,"Use matched plants and product cohorts controlling for input inflation, mix, pricing and trade spend.",HYPOTHESIS,
C088,Nestlé,distribution,5,15,"Food research, brands and manufacturing networks. Verify the share of eligible workflows reachable through existing channels.",HYPOTHESIS,
C088,Nestlé,capture,3,20,"Brand strength and efficient distribution may retain part of savings, but retailers and consumers can demand lower prices. Company-specific risk: Product execution and input prices dominate small AI gains.",HYPOTHESIS,
C089,Procter & Gamble,asset,4,20,"Consumer brands, process knowledge and retail distribution. Verify exclusivity and practical reuse.",HYPOTHESIS,
C089,Procter & Gamble,ai_leverage,3,20,"AI can improve formulation, demand planning and plant operations. Incremental financial materiality remains unmeasured.",HYPOTHESIS,
C089,Procter & Gamble,feedback,4,15,"Formulation know-how, brands, distribution and manufacturing networks. Useful outcome labels and lawful learning rights remain to be verified.",HYPOTHESIS,
C089,Procter & Gamble,testability,3,10,"Use matched plants and product cohorts controlling for input inflation, mix, pricing and trade spend.",HYPOTHESIS,
C089,Procter & Gamble,distribution,5,15,"Consumer brands, process knowledge and retail distribution. Verify the share of eligible workflows reachable through existing channels.",HYPOTHESIS,
C089,Procter & Gamble,capture,4,20,"Brand strength and efficient distribution may retain part of savings, but retailers and consumers can demand lower prices. Company-specific risk: Savings may flow into trade spending and price competition.",HYPOTHESIS,
C090,Walmart,asset,5,20,"Store network, purchase data and fulfillment capacity. Verify exclusivity and practical reuse.",HYPOTHESIS,S11
C090,Walmart,ai_leverage,5,20,"AI can improve replenishment, reduce spoilage and support store labor productivity. Incremental financial materiality remains unmeasured.",HYPOTHESIS,S11
C090,Walmart,feedback,5,15,"Store networks, inventory flows, purchase histories and customer relationships. Useful outcome labels and lawful learning rights remain to be verified.",HYPOTHESIS,S11
C090,Walmart,testability,4,10,"Compare matched stores and fulfillment zones, including labor scheduling quality and basket mix.",HYPOTHESIS,S11
C090,Walmart,distribution,5,15,"Store network, purchase data and fulfillment capacity. Verify the share of eligible workflows reachable through existing channels.",HYPOTHESIS,S11
C090,Walmart,capture,3,20,"Scale and repeat purchasing may reinforce advantage, while low-price promises deliberately transfer savings to customers. Company-specific risk: Low-price strategy intentionally shares productivity with customers.",HYPOTHESIS,S11
C091,Costco,asset,4,20,Membership and warehouse distribution. Verify exclusivity and practical reuse.,HYPOTHESIS,
C091,Costco,ai_leverage,3,20,"AI can improve replenishment, reduce spoilage and support store labor productivity. Incremental financial materiality remains unmeasured.",HYPOTHESIS,
C091,Costco,feedback,3,15,"Store networks, inventory flows, purchase histories and customer relationships. Useful outcome labels and lawful learning rights remain to be verified.",HYPOTHESIS,
C091,Costco,testability,4,10,"Compare matched stores and fulfillment zones, including labor scheduling quality and basket mix.",HYPOTHESIS,
C091,Costco,distribution,5,15,Membership and warehouse distribution. Verify the share of eligible workflows reachable through existing channels.,HYPOTHESIS,
C091,Costco,capture,3,20,"Scale and repeat purchasing may reinforce advantage, while low-price promises deliberately transfer savings to customers. Company-specific risk: Deliberate low markups limit direct margin capture.",HYPOTHESIS,
C092,Deutsche Telekom,asset,4,20,Network infrastructure and subscriber relationships. Verify exclusivity and practical reuse.,HYPOTHESIS,
C092,Deutsche Telekom,ai_leverage,3,20,"AI can optimize network energy, fault resolution and service operations. Incremental financial materiality remains unmeasured.",HYPOTHESIS,
C092,Deutsche Telekom,feedback,4,15,"Network telemetry, spectrum, customer relationships and local infrastructure. Useful outcome labels and lawful learning rights remain to be verified.",HYPOTHESIS,
C092,Deutsche Telekom,testability,3,10,"Use staged network-cell deployments and service cohorts, controlling for equipment generation and traffic mix.",HYPOTHESIS,
C092,Deutsche Telekom,distribution,5,15,Network infrastructure and subscriber relationships. Verify the share of eligible workflows reachable through existing channels.,HYPOTHESIS,
C092,Deutsche Telekom,capture,3,20,"Network quality and lower cost can improve cash generation, but price competition and regulation may share gains. Company-specific risk: Tariff competition, subsidiaries and regulation dilute capture.",HYPOTHESIS,
C093,Singtel,asset,3,20,Regional connectivity and enterprise relationships. Verify exclusivity and practical reuse.,HYPOTHESIS,
C093,Singtel,ai_leverage,3,20,"AI can optimize network energy, fault resolution and service operations. Incremental financial materiality remains unmeasured.",HYPOTHESIS,
C093,Singtel,feedback,4,15,"Network telemetry, spectrum, customer relationships and local infrastructure. Useful outcome labels and lawful learning rights remain to be verified.",HYPOTHESIS,
C093,Singtel,testability,3,10,"Use staged network-cell deployments and service cohorts, controlling for equipment generation and traffic mix.",HYPOTHESIS,
C093,Singtel,distribution,5,15,Regional connectivity and enterprise relationships. Verify the share of eligible workflows reachable through existing channels.,HYPOTHESIS,
C093,Singtel,capture,3,20,"Network quality and lower cost can improve cash generation, but price competition and regulation may share gains. Company-specific risk: Business mix and affiliated operators complicate attribution.",HYPOTHESIS,
C094,Meta Platforms,asset,5,20,Audience distribution and advertising feedback. Verify exclusivity and practical reuse.,HYPOTHESIS,
C094,Meta Platforms,ai_leverage,5,20,AI can improve recommendations and advertiser tools while lowering some production costs. Incremental financial materiality remains unmeasured.,HYPOTHESIS,
C094,Meta Platforms,feedback,5,15,"Audience access, engagement signals, content libraries and recommendation systems. Useful outcome labels and lawful learning rights remain to be verified.",HYPOTHESIS,
C094,Meta Platforms,testability,4,10,Use randomized recommendation and ad tests. Distinguish incremental conversion from attribution changes.,HYPOTHESIS,
C094,Meta Platforms,distribution,5,15,Audience distribution and advertising feedback. Verify the share of eligible workflows reachable through existing channels.,HYPOTHESIS,
C094,Meta Platforms,capture,4,20,"Distribution and measured outcomes may support monetization, but abundant content can erode creative scarcity and trust. Company-specific risk: Ad saturation, privacy and growing compute costs.",HYPOTHESIS,
C095,Netflix,asset,4,20,Audience relationships and viewing feedback. Verify exclusivity and practical reuse.,HYPOTHESIS,
C095,Netflix,ai_leverage,4,20,AI can improve recommendations and advertiser tools while lowering some production costs. Incremental financial materiality remains unmeasured.,HYPOTHESIS,
C095,Netflix,feedback,4,15,"Audience access, engagement signals, content libraries and recommendation systems. Useful outcome labels and lawful learning rights remain to be verified.",HYPOTHESIS,
C095,Netflix,testability,4,10,Use randomized recommendation and ad tests. Distinguish incremental conversion from attribution changes.,HYPOTHESIS,
C095,Netflix,distribution,5,15,Audience relationships and viewing feedback. Verify the share of eligible workflows reachable through existing channels.,HYPOTHESIS,
C095,Netflix,capture,4,20,"Distribution and measured outcomes may support monetization, but abundant content can erode creative scarcity and trust. Company-specific risk: Content economics and creative quality dominate recommendation gains.",HYPOTHESIS,
C096,Shell,asset,4,20,"Energy assets, subsurface knowledge and operating history. Verify exclusivity and practical reuse.",HYPOTHESIS,
C096,Shell,ai_leverage,3,20,"AI can improve reservoir interpretation, drilling decisions and predictive maintenance. Incremental financial materiality remains unmeasured.",HYPOTHESIS,
C096,Shell,feedback,4,15,"Subsurface records, engineering workflows, operating assets and customer deployment channels. Useful outcome labels and lawful learning rights remain to be verified.",HYPOTHESIS,
C096,Shell,testability,3,10,Compare wells by basin and design and normalize commodity prices and operational exposure.,HYPOTHESIS,
C096,Shell,distribution,5,15,"Energy assets, subsurface knowledge and operating history. Verify the share of eligible workflows reachable through existing channels.",HYPOTHESIS,
C096,Shell,capture,3,20,"Resource ownership and differentiated services can retain some gains, subject to commodity cycles and contract repricing. Company-specific risk: Commodity prices and capital allocation dominate outcomes.",HYPOTHESIS,
C097,SLB,asset,4,20,Subsurface workflows and energy-service relationships. Verify exclusivity and practical reuse.,HYPOTHESIS,
C097,SLB,ai_leverage,4,20,"AI can improve reservoir interpretation, drilling decisions and predictive maintenance. Incremental financial materiality remains unmeasured.",HYPOTHESIS,
C097,SLB,feedback,4,15,"Subsurface records, engineering workflows, operating assets and customer deployment channels. Useful outcome labels and lawful learning rights remain to be verified.",HYPOTHESIS,
C097,SLB,testability,3,10,Compare wells by basin and design and normalize commodity prices and operational exposure.,HYPOTHESIS,
C097,SLB,distribution,5,15,Subsurface workflows and energy-service relationships. Verify the share of eligible workflows reachable through existing channels.,HYPOTHESIS,
C097,SLB,capture,4,20,"Resource ownership and differentiated services can retain some gains, subject to commodity cycles and contract repricing. Company-specific risk: Customers may retain AI savings through contract repricing.",HYPOTHESIS,
C098,Iberdrola,asset,4,20,"Grid, renewable assets and operating data. Verify exclusivity and practical reuse.",HYPOTHESIS,
C098,Iberdrola,ai_leverage,3,20,"AI can improve load forecasting, maintenance and dispatch or leakage management. Incremental financial materiality remains unmeasured.",HYPOTHESIS,
C098,Iberdrola,feedback,4,15,"Grid or network telemetry, physical assets and local service obligations. Useful outcome labels and lawful learning rights remain to be verified.",HYPOTHESIS,
C098,Iberdrola,testability,3,10,Compare service territories and asset cohorts. Model the actual regulatory sharing mechanism separately from AI load demand.,HYPOTHESIS,
C098,Iberdrola,distribution,5,15,"Grid, renewable assets and operating data. Verify the share of eligible workflows reachable through existing channels.",HYPOTHESIS,
C098,Iberdrola,capture,2,20,Incentive regulation or merchant exposure may retain gains. Allowed returns and rate reviews can transfer them to consumers. Company-specific risk: Regulatory sharing and capital requirements limit retained gains.,HYPOTHESIS,
C099,Prologis,asset,3,20,Logistics property locations and tenant relationships. Verify exclusivity and practical reuse.,HYPOTHESIS,
C099,Prologis,ai_leverage,3,20,"AI can improve maintenance, leasing support and energy management. Data-center rent growth is an AI-demand thesis with different economics. Incremental financial materiality remains unmeasured.",HYPOTHESIS,
C099,Prologis,feedback,3,15,"Locations, tenant relationships, building systems and operating scale. Useful outcome labels and lawful learning rights remain to be verified.",HYPOTHESIS,
C099,Prologis,testability,3,10,Compare matched properties under identical lease structures. Separate rental market changes from technology effects.,HYPOTHESIS,
C099,Prologis,distribution,5,15,Logistics property locations and tenant relationships. Verify the share of eligible workflows reachable through existing channels.,HYPOTHESIS,
C099,Prologis,capture,2,20,Lease structure determines who keeps operating savings. Strong locations can support occupancy but do not guarantee an AI moat. Company-specific risk: Lease structure can transfer energy savings to tenants.,HYPOTHESIS,
C100,CBRE Group,asset,4,20,Facilities workflows and property-service relationships. Verify exclusivity and practical reuse.,HYPOTHESIS,S13
C100,CBRE Group,ai_leverage,3,20,"AI can improve building operations, valuation support and service delivery using property-specific context. Incremental financial materiality remains unmeasured.",HYPOTHESIS,S13
C100,CBRE Group,feedback,4,15,"Transaction observations, facilities operations and client workflows. Useful outcome labels and lawful learning rights remain to be verified.",HYPOTHESIS,S13
C100,CBRE Group,testability,4,10,Use matched managed buildings and service contracts. Separate property transaction cycles from recurring service productivity.,HYPOTHESIS,S13
C100,CBRE Group,distribution,5,15,Facilities workflows and property-service relationships. Verify the share of eligible workflows reachable through existing channels.,HYPOTHESIS,S13
C100,CBRE Group,capture,3,20,"Recurring facilities contracts and workflow integration may retain savings, but client-owned data and fee competition constrain capture. Company-specific risk: Client data rights and property cycles obscure AI profit.",HYPOTHESIS,S13
